Date,Open,High,Low,Close,Adj Close,Volume,3MA,5MA
2017-11-10,55800,56540,55780,56400,48500.83594,6748800,,
2017-11-13,56400,56800,56100,56380,48483.62891,8806650,,
2017-11-14,56380,56740,55920,55920,48088.05469,6725000,48357.50651,
2017-11-15,55920,56320,55320,55340,47589.28516,8816950,48053.65625,
2017-11-16,55440,56000,55400,55780,47967.66406,7640700,47881.66797,48125.89375
2017-11-17,56400,56880,55820,55820,48002.05859,10733150,47853.0026,48026.13828
2017-11-20,55900,55980,55200,55200,47468.89844,9472750,47812.8737,47823.19219
2017-11-21,55400,55840,55280,55280,47537.69531,10324700,47669.55078,47713.12031
2017-11-22,55980,56200,55620,55960,48122.44531,7952950,47709.67969,47819.75234
2017-11-23,55960,55980,55020,55300,47554.89453,6272900,47738.34505,47737.19844
2017-11-24,55300,55500,55180,55460,47692.48047,4536200,47789.9401,47675.28281
2017-11-27,55360,55360,52640,52640,45267.44141,18128900,46838.27214,47234.99141
2017-11-28,52700,53280,51720,53280,45817.80469,13499400,46259.24219,46891.01328
2017-11-29,53200,53240,52500,52600,45233.04297,9590250,45439.42969,46313.13281
2017-11-30,50800,51860,50200,50800,43685.14844,29634150,44911.9987,45539.18359
2017-12-01,50800,51780,50800,50840,43719.54297,12868600,44212.57813,44744.59609
2017-12-04,50840,51340,50020,51340,44149.50781,14865050,43851.39974,44521.00938
2017-12-05,50600,51300,50280,51260,44080.72266,9326550,43983.25781,44173.59297
2017-12-06,51260,51560,50020,50020,43014.38672,10889200,43748.20573,43729.86172
2017-12-07,50040,50980,50020,50740,43633.53906,11065600,43576.21615,43719.53984
2017-12-08,51360,52000,51040,52000,44717.07813,11290450,43788.33464,43919.04688
2017-12-11,52000,52040,51500,51780,44527.89453,8125850,44292.83724,43994.72422
2017-12-12,51820,52100,51660,52100,44803.07813,8765050,44682.68359,44139.19531
2017-12-13,52100,52100,51100,51320,44132.32422,11333700,44487.76563,44362.78281
2017-12-14,51320,52280,51060,51060,43908.72656,20310400,44281.3763,44417.82031
2017-12-15,51240,51480,50520,50620,43530.35938,14928550,43857.13672,44180.47656
2017-12-18,50620,51240,50620,51200,44029.12109,7350250,43822.73568,44080.72188
2017-12-19,51540,52080,51520,51560,44338.71094,11978600,43966.0638,43987.84844
2017-12-21,51000,51060,49100,49140,42257.63281,15624300,43541.82162,43612.91016
2017-12-22,49400,49960,49240,49700,42739.21094,11199650,43111.85156,43379.00703
2017-12-26,49760,50100,48200,48200,41449.28906,16039850,42148.71094,42962.79297
2017-12-27,48960,49560,48460,49360,42828.90234,10743600,42339.13412,42722.74922
2017-12-28,49560,50960,49500,50960,44217.21094,8985450,42831.80078,42698.44922
2018-01-02,51380,51400,50780,51020,44269.25781,8474250,43771.79037,43100.77422
2018-01-03,52540,52560,51420,51620,44789.875,10013500,44425.44792,43510.90703
2018-01-04,52120,52180,50640,51080,44321.32422,11695450,44460.15234,44085.31406
2018-01-05,51300,52120,51200,52120,45223.71484,9481150,44778.30469,44564.27656
2018-01-08,52400,52520,51500,52020,45136.94922,8383650,44893.99609,44748.22422
2018-01-09,51460,51720,49980,50400,43731.30469,18013600,44697.32292,44640.63359
2018-01-10,50500,50520,48640,48840,42377.71094,18566800,43748.65495,44158.20078
2018-01-11,48200,49260,48020,48240,41857.10547,25123800,42655.3737,43665.35703
2018-01-12,48240,48480,46760,48200,41822.40625,27270450,42019.07422,42985.09531
2018-01-15,48800,48980,47920,48540,42117.40625,10096000,41932.30599,42381.18672
2018-01-16,48760,50140,48620,50000,43384.22266,20389650,42441.34505,42311.77031
2018-01-17,50020,50020,49060,49620,43054.50391,11053050,42852.04427,42447.12891
2018-01-18,50020,50640,49820,49900,43297.45313,14848850,43245.39323,42735.19844
2018-01-19,50380,50380,49040,49320,42794.20703,9219950,43048.72135,42929.55859
2018-01-22,48640,48680,47960,48240,41857.10547,12520900,42649.58854,42877.49844
2018-01-23,48660,49160,48300,49160,42655.37109,13532700,42435.5612,42731.72813
2018-01-24,48860,49700,48560,49340,42811.55469,9550500,42441.34375,42683.13828
2018-01-25,49220,50360,49160,50260,43609.82422,11160350,43025.58333,42745.6125
2018-01-26,50500,50780,49840,50780,44061.01953,10350100,43494.13281,42998.975
2018-01-29,51200,51480,50900,51220,44442.80469,11838800,44037.88281,43516.11484
2018-01-30,50440,50640,49780,49800,43210.6875,12284550,43904.83724,43627.17813
2018-01-31,50020,54140,49600,49900,43297.45313,64681300,43650.3151,43724.35781
2018-02-01,50620,50960,49720,49820,43228.03906,27609450,43245.39323,43648.00078
2018-02-02,49380,49400,47700,47700,41388.55859,29260350,42638.01693,43113.50859
2018-02-05,46500,48320,46000,47920,41579.44531,28357900,42065.34766,42540.83672
2018-02-06,46600,47920,46580,47420,41145.60938,19406450,41371.20443,42127.82109
2018-02-07,48240,48260,45800,45800,39739.94922,23448050,40821.66797,41416.32031
2018-02-08,46120,46620,45980,46000,39913.48438,23251050,40266.34766,40753.40938
2018-02-09,44440,45180,44420,44700,38785.5,17465000,39479.64453,40232.79766
2018-02-12,45100,46320,45040,45720,39670.53906,15754950,39456.50781,39851.01641
2018-02-13,46200,48060,46200,47540,41249.71875,18923250,39901.91927,39871.83828
2018-02-14,48080,49100,47940,49000,42516.53906,18905900,41145.59896,40427.15625
2018-02-19,49800,49800,47860,48380,41978.57422,15353450,41914.94401,40840.17422
2018-02-20,48040,48160,47220,47400,41128.25,10122600,41874.45443,41308.72422
2018-02-21,47280,47580,46840,47280,41024.12891,12880200,41376.98438,41579.44219
2018-02-22,47260,47260,46760,46760,40572.93359,8869950,40908.4375,41444.08516
2018-02-23,46760,47800,46760,47220,40972.0625,12423300,40856.375,41135.18984
2018-02-26,47280,47560,47080,47380,41110.89844,9560650,40885.29818,40961.65469
2018-02-27,48360,48380,47380,47380,41110.89844,9830550,41064.61979,40958.18438
2018-02-28,47380,48100,47000,47060,40833.24219,15162350,41018.34635,40920.00703
2018-03-02,46580,46800,46000,46020,39930.83984,13265500,40624.99349,40791.58828
2018-03-05,45820,46160,45080,45200,39219.33984,14100950,39994.47396,40441.04375
2018-03-06,45920,47100,45820,47020,40798.51563,15423350,39982.89844,40378.56719
2018-03-07,48200,48900,47220,48620,42186.81641,21427050,40734.89063,40593.75078
2018-03-08,49200,49480,48080,49200,42690.07813,19463650,41891.80339,40965.11797
2018-03-09,49440,50540,49240,49740,43158.63281,14304400,42678.50911,41610.67656
2018-03-12,50560,50780,49580,49740,43158.63281,8688950,43002.44792,42398.53516
2018-03-13,50760,51660,50360,51660,44824.57813,20098700,43713.94792,43203.74766
2018-03-14,51020,52000,51000,51760,44911.34766,12713250,44298.1862,43748.65391
2018-03-15,52000,52020,51020,51540,44720.46094,8882450,44818.79557,44154.73047
2018-03-16,51220,51420,50240,51140,44373.39844,12184900,44668.40234,44397.68359
2018-03-19,50620,51340,50440,50740,44026.30859,8218850,44373.38932,44571.21875
2018-03-20,50700,51200,50100,51200,44425.45703,8193250,44275.05469,44491.39453
2018-03-21,51780,51780,51060,51060,44303.98047,8905200,44251.91536,44369.92109
2018-03-22,51060,51780,51040,51780,44928.70313,8454100,44552.71354,44411.56953
2018-03-23,50340,50720,49600,49720,43141.27344,14854950,44124.65234,44165.14453
2018-03-26,49420,50280,49040,50280,43627.17969,10057750,43899.05208,44085.31875
2018-03-27,50320,50460,49080,49980,43366.86719,11874000,43378.4401,43873.60078
2018-03-28,49100,49100,48340,48700,42256.23047,15159450,43083.42578,43464.05078
2018-03-29,48700,49560,48320,49040,42862.82031,10067000,42828.63932,43050.87422
2018-03-30,49080,49900,49080,49220,43020.13672,7777100,42713.0625,43026.64688
2018-04-02,49000,49220,48500,48540,42425.80469,7115650,42769.58724,42786.37188
2018-04-03,47880,48140,47280,48120,42058.70703,12768250,42501.54948,42524.73984
2018-04-04,48160,48260,46920,46920,41009.84766,12384200,41831.45313,42275.46328
2018-04-05,47400,49380,47340,48740,42600.61328,13245600,41889.72266,42223.02187
2018-04-06,48000,48580,47400,48400,42303.42578,12532700,41971.29557,42079.67969
2018-04-09,48260,49440,48200,49200,43002.66406,9950400,42635.56771,42195.05156
2018-04-10,48540,49220,48040,48880,42722.97266,10984350,42676.35417,42327.90469
2018-04-11,49900,49900,48600,48860,42705.49219,10051100,42810.3763,42667.03359
2018-04-12,49440,49440,48880,49000,42827.85547,12466250,42752.10677,42712.48203
2018-04-13,49600,50180,49400,49800,43527.08594,10278300,43020.14453,42957.21406
2018-04-16,50320,50600,49860,50340,43999.0625,7877450,43451.33464,43156.49375
2018-04-17,50240,50540,49820,49980,43684.40234,7772000,43736.85026,43348.77969
2018-04-18,51000,51360,50580,51360,44890.58594,13462600,44191.35026,43785.79844
2018-04-19,52000,52980,51540,52780,46131.72656,17190550,44902.23828,44446.57266
2018-04-20,51800,52260,51420,51620,45117.82813,11761000,45380.04688,44764.72109
2018-04-23,51000,52080,51000,51900,45362.57031,11619000,45537.375,45037.42266
2018-04-24,51840,51860,50080,50460,44103.94922,15770300,44861.44922,45121.33203
2018-04-25,49220,50500,49220,50400,44051.51563,16614600,44506.01172,44953.51797
2018-04-26,50420,52160,50400,52140,45572.33594,18046550,44575.93359,44841.63984
2018-04-27,53380,53640,52440,53000,46324.01172,30310800,45315.95443,45082.87656
2018-04-30,53000,53000,53000,53000,46324.01172,0,46073.45313,45275.16484
2018-05-02,53000,53000,53000,53000,46324.01172,0,46324.01172,45719.17734
2018-05-03,53000,53000,53000,53000,46324.01172,0,46324.01172,46173.67656
2018-05-04,53000,53900,51800,51900,45362.57031,39565391,46003.53125,46131.72344
2018-05-08,52600,53200,51900,52600,45974.39063,23104720,45886.99089,46061.79922
2018-05-09,52600,52800,50900,50900,44488.52344,16128305,45275.16146,45694.70156
2018-05-10,51700,51700,50600,51600,45100.36328,13905263,45187.75911,45449.97188
2018-05-11,52000,52200,51200,51300,44838.14453,10314997,44809.01042,45152.79844
2018-05-14,51000,51100,49900,50100,43789.30469,14909272,44575.9375,44838.14531
2018-05-15,50200,50400,49100,49200,43002.66406,18709146,43876.70443,44243.8
2018-05-16,49200,50200,49150,49850,43570.77734,15918683,43454.2487,44060.25078
2018-05-17,50300,50500,49400,49400,43177.46875,10365440,43250.30339,43675.67188
2018-05-18,49900,49900,49350,49500,43264.87891,6706570,43337.70833,43361.01875
2018-05-21,49650,50200,49100,50000,43701.89844,9020998,43381.41536,43343.5375
2018-05-23,50600,52000,50400,51800,45275.15625,17095490,44080.64453,43798.03594
2018-05-24,52000,52000,51100,51400,44925.55078,8289275,44634.20182,44068.99062
2018-05-25,51000,52800,50800,52700,46061.80078,15207266,45420.83594,44645.85703
2018-05-28,52500,53000,52000,52300,45712.17969,9787820,45566.51042,45135.31719
2018-05-29,52200,52500,51300,51300,44838.14453,8480437,45537.375,45362.56641
2018-05-30,51300,51500,49100,49500,43264.87891,20498098,44605.06771,44960.51094
2018-05-31,50400,50800,49850,50700,44313.71875,63491109,44138.91406,44838.14453
2018-06-01,50500,51700,49950,51300,44838.14453,13038499,44138.91406,44593.41328
2018-06-04,50800,51200,50700,51100,44663.33984,9767171,44605.06771,44383.64531
2018-06-05,51100,51400,50400,51300,44838.14453,9144100,44779.8763,44383.64531
2018-06-07,51800,51800,50500,50600,44226.31641,13590016,44575.93359,44575.93281
2018-06-08,50200,50400,49600,49650,43395.98047,16951706,44153.48047,44392.38516
2018-06-11,49750,50300,49350,49900,43614.48047,10571312,43745.59245,44147.65234
2018-06-12,49700,49800,49250,49400,43177.46875,12110569,43395.97656,43850.47813
2018-06-14,49000,49000,48200,48200,42128.63281,20971729,42973.52734,43308.57578
2018-06-15,48500,48700,47650,47650,41647.91016,17080892,42318.00391,42792.89453
2018-06-18,47600,47650,46200,46600,40730.16797,16661870,41502.23698,42259.73203
2018-06-19,47200,47350,46500,47000,41079.78125,15217971,41152.61979,41752.79219
2018-06-20,47450,47600,46850,47000,41079.78125,12959316,40963.24349,41333.25469
2018-06-21,47900,47900,47050,47050,41123.48047,10015541,41094.34766,41132.22422
2018-06-22,47000,47250,46200,47250,41298.29297,10298006,41167.1849,41062.30078
2018-06-25,47050,47050,46150,46650,40773.86328,10587711,41065.21224,41071.03984
2018-06-26,45900,47300,45900,47000,41079.78125,11223166,41050.64583,41071.03984
2018-06-27,47450,48500,47000,47950,41910.11719,15274752,41254.58724,41237.10703
2018-06-28,46850,47150,46600,46800,41209.21484,12784800,41399.70443,41254.25391
2018-06-29,46250,47150,46200,46650,41077.13672,14099635,41398.82292,41210.02266
2018-07-02,46500,47150,45500,45550,40108.53906,13112253,40798.29688,41076.95781
2018-07-03,45750,46450,45750,46150,40636.85547,10959655,40607.51042,40988.37266
2018-07-04,46700,47050,46050,46250,40724.91406,8776763,40490.10287,40751.33203
2018-07-05,46100,46550,45600,45950,40460.75,7039773,40607.50651,40601.63906
2018-07-06,45500,45850,44650,44900,39536.17969,17843706,40240.61458,40293.44766
2018-07-09,45500,46100,45200,45600,40152.55859,11602464,40049.82943,40302.25156
2018-07-10,46200,46550,46100,46300,40768.9375,10528665,40152.55859,40328.66797
2018-07-11,46400,46450,45400,46000,40504.76953,11224077,40475.42188,40284.63906
2018-07-12,45900,46250,45450,45500,40064.51172,11828104,40446.07292,40205.39141
2018-07-13,45800,46500,45750,46500,40945.04297,11543389,40504.77474,40487.16406
2018-07-16,46800,46800,46000,46050,40548.80469,7678719,40519.45313,40566.41328
2018-07-17,46150,46200,45600,45850,40372.69141,8892953,40622.17969,40487.16406
2018-07-18,46700,47200,46450,46550,40989.07031,10952645,40636.85547,40584.02422
2018-07-19,47050,47200,46600,46900,41297.26172,9880128,40886.34115,40830.57422
2018-07-20,47000,47600,46700,47450,41781.5625,10474547,41355.96484,40997.87813
2018-07-23,47100,47200,46150,46500,40945.04297,10823782,41341.28906,41077.12578
2018-07-24,46350,46600,45950,46150,40636.85547,8261363,41121.15365,41129.95859
2018-07-25,46250,46550,45900,46150,40636.85547,7222471,40739.58464,41059.51563
2018-07-26,46100,47000,46000,46900,41297.26172,7374946,40856.99089,41059.51563
2018-07-27,46450,47000,46450,46900,41297.26172,4762460,41077.1263,40962.65547
2018-07-30,46550,46800,46350,46500,40945.04297,5723035,41179.85547,40962.65547
2018-07-31,46200,46450,46000,46250,40724.91406,8033607,40989.07292,40980.26719
2018-08-01,46050,46850,46050,46550,40989.07031,7484499,40886.34245,41050.71016
2018-08-02,46550,46800,45500,45550,40108.53906,8560924,40607.50781,40812.96563
2018-08-03,45850,45900,45450,45750,40284.63672,8274944,40460.7487,40610.44063
2018-08-06,46150,46150,45750,45800,40328.66797,6771979,40240.61458,40487.16563
2018-08-07,46300,46750,45900,46700,41121.14844,9058174,40578.15104,40566.4125
2018-08-08,47000,47000,46550,46800,41209.21484,6429338,40886.34375,40610.44141
2018-08-09,47000,47050,46450,46900,41297.26172,12010886,41209.20833,40848.18594
2018-08-10,46150,46400,44850,45400,39976.45703,16670643,40827.64453,40786.55
2018-08-13,44950,45100,44650,45050,39668.26953,9803831,40313.99609,40654.47031
2018-08-14,44850,45400,44850,45150,39756.31641,6409259,39800.34766,40381.50391
2018-08-16,43800,44650,43700,44250,38963.83203,10088229,39462.80599,39932.42734
2018-08-17,44050,44400,44050,44100,38831.75391,6808747,39183.96745,39439.32578
2018-08-20,43500,44200,43500,43850,38611.61328,7289124,38802.39974,39166.35703
2018-08-21,43700,44900,43700,44800,39448.125,9520270,38963.83073,39122.32812
2018-08-22,45150,46200,44900,46100,40592.83594,11641656,39550.85807,39289.63203
2018-08-23,46150,46200,45700,46200,40680.88281,6730918,40240.61458,39633.04219
2018-08-24,45900,46400,45550,46150,40636.85547,6582535,40636.85807,39994.0625
2018-08-27,46100,46550,46000,46300,40768.9375,5263782,40695.55859,40425.52734
2018-08-28,46800,46950,46300,46550,40989.07031,7365976,40798.28776,40733.71641
2018-08-29,46750,46800,46400,46800,41209.21484,5572374,40989.07422,40856.99219
2018-08-30,46950,47950,46700,47650,41957.67188,12193231,41385.31901,41112.35
2018-08-31,47100,48450,47000,48450,42662.09375,13577454,41942.99349,41517.39766
2018-09-03,48200,48300,47300,47450,41781.5625,8595084,42133.77604,41719.92266
2018-09-04,47550,47800,47200,47650,41957.67188,6791255,42133.77604,41913.64297
2018-09-05,47300,47450,46400,46600,41033.10156,9139998,41590.77865,41878.42031
2018-09-06,46200,46400,45800,46100,40592.83594,9040553,41194.53646,41605.45313
2018-09-07,44500,45200,44400,44900,39536.17969,18285508,40387.3724,40980.27031
2018-09-10,45450,45550,45000,45500,40064.51172,9979838,40064.50912,40636.86016
2018-09-11,45550,45900,45050,45050,39668.26953,9865790,39756.32031,40178.97969
2018-09-12,44900,45100,44500,44550,39227.98828,12995269,39653.58984,39817.95703
2018-09-13,44550,44750,44000,44050,38787.72656,18277942,39227.99479,39456.93516
2018-09-14,45000,45850,44900,45850,40372.69141,12446344,39462.80208,39624.2375
2018-09-17,45550,45800,44900,45150,39756.31641,8123384,39638.91146,39562.59844
2018-09-18,44950,45900,44700,45500,40064.51172,9987090,40064.50651,39641.84688
2018-09-19,46000,46200,45700,46150,40636.85547,9367454,40152.5612,39923.62031
2018-09-20,46850,47600,46400,47250,41605.44922,13536966,40768.9388,40487.16484
2018-09-21,46550,47550,46550,47400,41737.53125,14476906,41326.61198,40760.13281
2018-09-27,46950,47500,46450,47500,42140.30469,15804586,41827.76172,41236.93047
2018-09-28,47250,47250,46300,46450,41208.78125,11270515,41695.53906,41465.78438
2018-10-01,46450,46800,45800,46350,41120.05859,6354983,41489.71484,41562.425
2018-10-02,46450,46700,45700,45700,40543.40625,6607188,40957.41536,41350.01641
2018-10-04,45150,45600,44700,44700,39656.24219,11865327,40439.90234,40933.75859
2018-10-05,44800,45500,44550,44700,39656.24219,10544165,39951.96354,40436.94609
2018-10-08,44200,45200,44200,44950,39878.03125,6759464,39730.17188,40170.79609
2018-10-10,45250,45500,44500,45300,40188.54297,10341349,39907.60547,39984.49297
2018-10-11,44000,44650,43100,43100,38236.77734,19324537,39434.45052,39523.16719
2018-10-12,43200,44650,43200,44000,39035.22656,12640906,39153.51563,39398.96406
2018-10-15,44050,44050,43350,43800,38857.79297,7434522,38709.93229,39239.27422
2018-10-16,43700,44150,43350,43600,38680.36719,6825677,38857.79557,38999.74141
2018-10-17,44150,44500,44000,44150,39168.30469,8306193,38902.15495,38795.69375
2018-10-18,43950,44450,43700,44050,39079.58594,8347725,38976.08594,38964.25547
2018-10-19,43900,44150,43450,43900,38946.51563,7842520,39064.80208,38946.51328
2018-10-22,43450,43950,43200,43550,38636.00391,8357648,38887.36849,38902.15547
2018-10-23,43300,43450,42550,43050,38192.42188,9531231,38591.64714,38804.56641
2018-10-24,43050,43100,42250,42550,37748.83984,13522825,38192.42188,38520.67344
2018-10-25,40600,41550,40550,41000,36373.73047,19338170,37438.33073,37979.50234
2018-10-26,41100,41300,40400,41000,36373.73047,14413864,36832.10026,37464.94531
2018-10-29,40850,41950,40550,41400,36728.60156,14460521,36492.02083,37083.46484
2018-10-30,41400,43000,41000,42350,37571.40625,14205190,36891.24609,36959.26172
2018-10-31,42900,43350,41700,42400,37615.76563,17621480,37305.25781,36932.64688
2018-11-01,42450,42950,42150,42150,37393.97266,13423132,37527.04818,37136.69531
2018-11-02,43050,44250,42800,44150,39168.30469,16517112,38059.34766,37695.61016
2018-11-05,43750,43800,42900,43800,38857.79297,9426777,38473.35677,38121.44844
2018-11-06,43750,43800,42950,43750,38813.4375,7713625,38946.51172,38369.85469
2018-11-07,43600,44500,43400,44000,39035.22656,11553998,38902.15234,38653.74688
2018-11-08,44900,45050,44050,44050,39079.58594,12617397,38976.08333,38990.86953
2018-11-09,44450,44850,43900,44300,39301.375,7318500,39138.72917,39017.48359
2018-11-12,43850,45250,43700,45200,40099.82422,8552566,39493.59505,39265.88984
2018-11-13,43900,44500,43400,44500,39478.80859,9311126,39626.66927,39398.96406
2018-11-14,44500,44500,43800,44100,39123.94922,6783344,39567.52734,39416.70859
2018-11-15,44050,44350,43500,44250,39257.01953,5864067,39286.59245,39452.19531
2018-11-16,44600,44750,43700,44000,39035.22656,7777124,39138.73177,39398.96563
2018-11-19,44050,44250,43450,43650,38724.73047,7538720,39005.65885,39123.94688
2018-11-20,42450,43000,42100,42800,37970.62891,9420664,38576.86198,38822.31094
2018-11-21,41800,42300,41800,42100,37349.60938,10769589,38014.98958,38467.44297
2018-11-22,42000,42650,42000,42450,37660.12109,5970796,37660.11979,38148.06328
2018-11-23,42450,42600,41900,42400,37615.76563,5192638,37541.83203,37864.17109
2018-11-26,42150,42800,42100,42600,37793.19531,6613009,37689.69401,37677.86406
2018-11-27,42900,43100,42500,43050,38192.42188,8367091,37867.1276,37722.22266
2018-11-28,42800,43200,42750,43150,38281.14063,6943099,38088.91927,37908.52891
2018-11-29,43850,43850,42900,43150,38281.14063,8473511,38251.56771,38032.73281
2018-11-30,43450,44000,41750,41850,37127.82031,19775519,37896.70052,37935.14375
2018-12-03,42750,43400,42400,43250,38369.85547,12110702,37926.27214,38050.47578
2018-12-04,42650,42900,41900,42150,37393.97266,14347746,37630.54948,37890.78594
2018-12-05,40900,41750,40850,41450,36772.96094,12631983,37512.26302,37589.15
2018-12-06,40600,41100,40450,40500,35930.15625,14251826,36699.02995,37118.95313
2018-12-07,40900,41400,40850,40950,36329.375,11433083,36344.16406,36959.26406
2018-12-10,40450,40650,40000,40200,35664,14892263,35974.51042,36418.09297
2018-12-11,40600,40700,40200,40250,35708.36328,10638766,35900.57943,36080.97109
2018-12-12,40250,40700,40150,40450,35885.79688,12024279,35752.72005,35903.53828
2018-12-13,40650,40750,40000,40000,35486.57031,26254646,35693.57682,35814.82109
2018-12-14,40200,40200,38700,38950,34555.04688,19671783,35309.13802,35459.95547
2018-12-17,38650,39600,38650,39150,34732.48047,11532968,34924.69922,35273.65156
2018-12-18,38300,39200,38300,38900,34510.69922,11042101,34599.40885,35034.11875
2018-12-19,38900,39350,38850,39100,34688.12109,9942037,34643.76693,34794.58359
2018-12-20,38600,39100,38500,38650,34288.89844,11937617,34495.90625,34555.04922
2018-12-21,38200,38650,38100,38650,34288.89844,14947080,34421.97266,34501.81953
2018-12-24,38500,39050,38300,38800,34421.97266,9729530,34333.25651,34439.71797
2018-12-26,38400,38750,38300,38350,34022.74609,12707675,34244.53906,34342.12734
2018-12-27,38700,38800,38100,38250,34250.19141,10510643,34231.63672,34254.54141
2018-12-28,38250,38900,38200,38700,34653.12891,9900267,34308.6888,34327.3875
2019-01-02,39400,39400,38550,38750,34697.89844,7847664,34533.73958,34409.1875
2019-01-03,38300,38550,37450,37600,33668.16406,12471493,34339.73047,34258.42578
2019-01-04,37450,37600,36850,37450,33533.85156,14108958,33966.63802,34160.64688
2019-01-07,38000,38900,37800,38750,34697.89844,12748997,33966.63802,34250.18828
2019-01-08,38000,39200,37950,38100,34115.875,12756554,34115.875,34142.7375
2019-01-09,38650,39600,38300,39600,35459.02734,17452708,34757.60026,34294.96328
2019-01-10,40000,40150,39600,39800,35638.10547,14731699,35071.0026,34688.95156
2019-01-11,40350,40550,39950,40500,36264.91016,11661063,35787.34766,35235.16328
2019-01-14,40450,40700,39850,40050,35861.96484,11984996,35921.66016,35467.97656
2019-01-15,40050,41100,39850,41100,36802.15625,11492756,36309.67708,36005.23281
2019-01-16,41150,41450,40700,41450,37115.56641,8491595,36593.22917,36336.54063
2019-01-17,41700,42100,41450,41950,37563.28125,11736903,37160.33464,36721.57578
2019-01-18,42000,42400,41950,42300,37876.67969,11029256,37518.50911,37043.92969
2019-01-21,42700,42750,41900,42750,38279.625,11355701,37906.52865,37527.46172
2019-01-22,42750,42850,41850,42150,37742.36328,9964356,37966.22266,37715.50313
2019-01-23,41350,42250,41350,42000,37608.04688,11071079,37876.67839,37813.99922
2019-01-24,43050,43100,42350,43050,38548.25391,14747623,37966.22135,38010.99375
2019-01-25,44300,44750,43750,44750,40070.47266,22789395,38742.25781,38449.75234
2019-01-28,45000,45500,44600,45050,40339.11719,17998914,39652.61458,38861.65078
2019-01-29,45050,45500,44350,45500,40742.0625,16215017,40383.88411,39461.59062
2019-01-30,44800,46400,44800,46400,41547.94141,17505980,40876.3737,40249.56953
2019-01-31,46650,47050,46150,46150,41324.08203,21621145,41204.69531,40804.73516
2019-02-01,46650,46950,46250,46350,41503.16406,13832454,41458.39583,41091.27344
2019-02-07,46800,47100,46200,46200,41368.85547,15872001,41398.70052,41297.22109
2019-02-08,45700,45700,44650,44800,40115.25,12689196,40995.75651,41171.85859
2019-02-11,44500,45000,44250,45000,40294.33984,11125044,40592.8151,40921.13828
2019-02-12,44650,46250,44650,46050,41234.54297,13184367,40548.04427,40903.23047
2019-02-13,46400,46700,46000,46200,41368.85547,11299738,40965.91276,40876.36875
2019-02-14,46600,47500,46150,47500,42532.91797,17259341,41712.10547,41109.18125
2019-02-15,46750,46850,45650,46050,41234.54297,10554643,41712.10547,41333.03984
2019-02-18,46500,46850,45850,46200,41368.85547,8183728,41712.10547,41547.94297
2019-02-19,45850,46150,45450,45950,41145,6741395,41249.46615,41530.03438
2019-02-20,46750,47100,46500,46900,41995.65625,11506720,41503.17057,41655.39453
2019-02-21,46500,47200,46200,46950,42040.42578,8694009,41727.02734,41556.89609
2019-02-22,46500,47150,46450,47150,42219.51563,6895772,42085.19922,41753.89063
2019-02-25,47400,47550,47050,47350,42398.60156,7484716,42219.51432,41959.83984
2019-02-26,47350,47450,46500,46750,41861.34766,7985547,42159.82161,42103.10938
2019-02-27,47000,47250,46750,46750,41861.34766,8045211,42040.43229,42076.24766
2019-02-28,46400,46500,45100,45100,40383.87891,23569321,41368.85807,41744.93828
2019-03-04,46000,46100,44800,44850,40160.03125,12926539,40801.7526,41333.04141
2019-03-05,44600,45100,44150,44250,39622.76953,10612405,40055.5599,40777.875
2019-03-06,44000,44300,43700,44000,39398.91016,10202544,39727.23698,40285.3875
2019-03-07,43400,44950,43400,44450,39801.85547,11049749,39607.84505,39873.48906
2019-03-08,44450,44800,43800,43800,39219.82422,7729069,39473.52995,39640.67812
2019-03-11,44400,44450,43650,43650,39085.51953,10717408,39369.06641,39425.77578
2019-03-12,44300,44950,44150,44650,39980.9375,11431977,39428.76042,39497.40938
2019-03-13,44250,44450,43700,43850,39264.59375,8108343,39443.68359,39470.54609
2019-03-14,43700,44300,43550,43850,39264.59375,18039161,39503.375,39363.09375
2019-03-15,43800,44250,43700,44200,39577.99609,16814163,39369.0612,39434.72813
2019-03-18,43950,44150,43450,43700,39130.27734,8188876,39324.28906,39443.67969
2019-03-19,43750,43900,43550,43900,39309.37109,7609563,39339.21484,39309.36641
2019-03-20,43800,44200,43100,44050,39443.68359,9846242,39294.44401,39345.18438
2019-03-21,44600,46250,44050,45850,41055.45313,21138016,39936.16927,39703.35625
2019-03-22,46850,47000,46250,46550,41682.25391,12535911,40727.13021,40124.20781
2019-03-25,45300,45650,44800,45500,40742.0625,8699728,41159.92318,40446.56484
2019-03-26,45500,45700,44900,45250,40518.19531,9729811,40980.83724,40688.32969
2019-03-27,44750,45600,44250,45350,40607.74219,9568081,40622.66667,40921.14141
2019-03-28,44950,45200,44300,44850,40475.98438,6821306,40533.97396,40805.24766
2019-03-29,44500,44900,44200,44650,40295.48047,11491713,40459.73568,40527.89297
2019-04-01,45200,45450,44850,45050,40656.47656,7362129,40475.98047,40510.77578
2019-04-02,45550,46100,45350,45750,41288.20313,9480688,40746.72005,40664.77734
2019-04-03,46750,46750,45800,46600,42055.3125,12436570,41333.33073,40954.29141
2019-04-04,46150,47100,46150,46950,42371.17578,12650168,41904.89714,41333.32969
2019-04-05,46950,47550,46600,46850,42280.93359,8546339,42235.80729,41730.42031
2019-04-08,47250,47250,46150,46650,42100.4375,8507909,42250.84896,42019.2125
2019-04-09,46700,46950,46200,46650,42100.4375,6878761,42160.60286,42181.65938
2019-04-10,46400,46700,46050,46700,42145.55078,11883995,42115.47526,42199.70703
2019-04-11,46700,46800,46150,46250,41739.44922,13697399,41995.14583,42073.36172
2019-04-12,46050,46900,46000,46850,42280.93359,7668936,42055.3112,42073.36172
2019-04-15,47150,47500,47000,47050,42461.41797,8733019,42160.60026,42145.55781
2019-04-16,47400,47400,46800,47250,42641.92188,7730881,42461.42448,42253.85469
2019-04-17,47300,47600,47000,47050,42461.41797,5513658,42521.58594,42317.02813
2019-04-18,47200,47250,45500,45600,41152.83203,12808747,42085.39063,42199.70469
2019-04-19,45750,46000,45250,45300,40882.09375,8479710,41498.78125,41919.93672
2019-04-22,45400,45900,45100,45350,40927.21875,6006957,40987.38151,41613.09688
2019-04-23,45050,45500,45000,45200,40791.84766,6920566,40867.05339,41243.08203
2019-04-24,45400,45650,44150,44750,40385.72266,13299267,40701.59635,40827.94297
2019-04-25,44250,45000,44100,44650,40295.48047,10868965,40491.01693,40656.47266
2019-04-26,44200,45000,43800,44850,40475.98438,9739982,40385.72917,40575.25078
2019-04-29,45150,46150,45100,46150,41649.19922,8777517,40806.88802,40719.64687
2019-04-30,46000,46300,45350,45850,41378.44922,11121273,41167.8776,40836.96719
2019-05-02,45500,46150,45400,45900,41423.57813,8625126,41483.74219,41044.53828
2019-05-03,45900,46050,45300,45300,40882.09375,6562916,41228.04036,41161.86094
2019-05-07,45250,45300,44400,44850,40475.98438,12014907,40927.21875,41161.86094
2019-05-08,44300,44850,44200,44250,39934.49609,10398754,40430.85807,40818.92031
2019-05-09,43900,44250,42450,42450,38310.03906,23029718,39573.50651,40205.23828
2019-05-10,42600,43450,42450,42900,38716.16016,14579512,38986.89844,39663.75469
2019-05-13,42500,43200,42350,42650,38490.53906,7635079,38505.57943,39185.44375
2019-05-14,41300,43100,41300,42650,38490.53906,11563730,38565.74609,38788.35469
2019-05-15,42700,43050,42550,42550,38400.28906,7670185,38460.45573,38481.51328
2019-05-16,42350,42400,41350,41550,37497.82031,13687828,38129.54948,38319.06953
2019-05-17,41950,42050,40850,41200,37181.94922,13357951,37693.35287,38012.22734
2019-05-20,41650,42100,41550,42000,37903.92188,15752397,37527.89714,37894.90391
2019-05-21,42600,43950,42350,43150,38941.76953,18812133,38009.21354,37985.15
2019-05-22,43700,43800,42400,43500,39257.63672,11033339,38701.10938,38156.61953
2019-05-23,43900,44000,43250,43850,39573.5,12259006,39257.63542,38571.75547
2019-05-24,43800,43800,42400,42700,38535.66016,13966305,39122.26563,38842.49766
2019-05-27,42500,43000,42350,42650,38490.53906,8066669,38866.56641,38959.82109
2019-05-28,42550,42950,42150,42550,38400.28906,24506881,38475.49609,38851.525
2019-05-29,41850,42100,41300,41800,37723.4375,14930618,38204.75521,38544.68516
2019-05-30,42200,42700,42150,42550,38400.28906,11766018,38174.67188,38310.04297
2019-05-31,42600,42800,42150,42500,38355.16406,11365999,38159.63021,38273.94375
2019-06-03,42950,43900,42500,43800,39528.38672,15466580,38761.27995,38481.51328
2019-06-04,43400,43700,43000,43450,39212.51563,9913497,39032.02214,38643.95859
2019-06-05,44050,44200,43700,43900,39618.62891,12464135,39453.17708,39022.99688
2019-06-07,43600,44350,43450,44200,39889.37109,11683682,39573.50521,39320.81328
2019-06-10,44300,44850,44050,44800,40430.85156,8792182,39979.61719,39735.95078
2019-06-11,44800,45000,44550,44850,40475.98438,6664872,40265.40234,39925.47031
2019-06-12,44800,45050,44300,44600,40250.35938,8607439,40385.73177,40133.03906
2019-06-13,44200,44400,43400,43750,39483.25781,16906541,40069.86719,40105.96484
2019-06-14,43750,44150,43300,44000,39708.87891,9322873,39814.16536,40069.86641
2019-06-17,43750,44050,43400,43900,39618.62891,11890424,39603.58854,39907.42188
2019-06-18,43750,44500,43650,44350,40024.74609,7994928,39784.08464,39817.17422
2019-06-19,45450,45450,45000,45350,40927.21875,10417690,40190.19792,39952.54609
2019-06-20,44850,45500,44850,45500,41062.59375,7147785,40671.51953,40268.41328
2019-06-21,45750,45800,45200,45700,41243.08203,9454913,41077.63151,40575.25391
2019-06-24,45200,45800,45200,45500,41062.59375,6085066,41122.75651,40864.04688
2019-06-25,45200,45800,45200,45600,41152.83203,7076774,41152.83594,41089.66406
2019-06-26,45800,46000,45600,45700,41243.08203,9226097,41152.83594,41152.83672
2019-06-27,46000,46600,45750,46500,42292.67188,12603534,41562.86198,41398.85234
2019-06-28,47000,47000,46700,47000,42747.42969,12949231,42094.39453,41699.72188
2019-07-01,47350,47400,46250,46600,42383.62109,11383522,42474.57422,41963.92734
2019-07-02,46200,46900,45850,46250,42065.28906,8463073,42398.77995,42146.41875
2019-07-03,45750,46350,45200,45400,41292.19922,9669368,41913.70313,42156.24219
2019-07-04,45250,46200,45250,46000,41837.90234,6365573,41731.79688,42065.28828
2019-07-05,45950,45950,45250,45650,41519.58203,7235395,41549.89453,41819.71875
2019-07-08,44750,44800,44350,44400,40382.67188,7823843,41246.71875,41419.52891
2019-07-09,44850,45450,44700,45100,41019.33594,7646421,40973.86328,41210.33828
2019-07-10,45550,46150,45500,45550,41428.62891,9253930,40943.54557,41237.62422
2019-07-11,46350,46550,46150,46200,42019.8125,10989751,41489.25911,41274.00625
2019-07-12,46350,46400,45800,46300,42110.76172,5245804,41853.06771,41392.24219
2019-07-15,45950,46650,45750,46450,42247.19141,4717226,42125.92188,41765.14609
2019-07-16,46450,46850,46300,46850,42611.00391,7407824,42322.98568,42083.47969
2019-07-17,46150,46350,45950,46050,41883.38281,5216602,42247.19271,42174.43047
2019-07-18,46450,46450,45650,46100,41928.86719,5143554,42141.08464,42156.24141
2019-07-19,46650,46950,46600,46800,42565.52734,8819393,42125.92578,42247.19453
2019-07-22,46800,47300,46600,47200,42929.32813,9009109,42474.57422,42383.62188
2019-07-23,47350,47550,47050,47300,43020.28516,9061381,42838.38021,42465.47813
2019-07-24,47100,47150,46250,46400,42201.71484,8756522,42717.10938,42529.14453
2019-07-25,47150,47200,46600,47200,42929.32813,8408838,42717.10938,42729.23672
2019-07-26,46650,47150,46550,47150,42883.85547,7873886,42671.63281,42792.90234
2019-07-29,46800,47050,46000,46100,41928.86719,6856846,42580.68359,42592.81016
2019-07-30,46300,46850,46300,46550,42338.14453,5551014,42383.6224,42456.38203
2019-07-31,46200,46600,45000,45350,41246.72266,12872916,41837.91146,42265.38359
2019-08-01,44900,45500,44850,45200,41110.29297,7811181,41565.05339,41901.57656
2019-08-02,44550,45500,44300,44950,40882.91016,12151374,41079.97526,41501.3875
2019-08-05,44350,44600,43600,43950,39973.39453,14214086,40655.53255,41110.29297
2019-08-06,42500,43800,42500,43500,39564.10938,15083824,40140.13802,40555.48594
2019-08-07,43600,43900,43100,43200,39291.24609,10002533,39609.58333,40164.39063
2019-08-08,43250,43500,42650,42650,38791.01953,16926881,39215.45833,39700.53594
2019-08-09,43250,43350,43050,43150,39245.77734,9685147,39109.34766,39373.10938
2019-08-12,44000,44000,43550,43700,39746.00781,8466169,39260.9349,39327.63203
2019-08-13,43500,43500,42950,43000,39109.35547,7276979,39367.04688,39236.68125
2019-08-14,43900,44250,43500,43700,39746.00781,8750135,39533.79037,39327.63359
2019-08-16,43800,43900,43300,43900,39927.91797,9528115,39594.42708,39555.01328
2019-08-19,44350,44350,43500,43600,39655.06641,6014218,39776.33073,39636.87109
2019-08-20,43950,44600,43550,44450,40428.15234,8434205,40003.71224,39773.3
2019-08-21,44350,44800,44150,44500,40473.625,6571717,40185.61458,40046.15391
2019-08-22,44500,44700,43850,44050,40064.34375,8061177,40322.04036,40109.82109
2019-08-23,43800,44200,43650,43950,39973.39453,5017381,40170.45443,40118.91641
2019-08-26,43050,43800,42950,43600,39655.06641,7954949,39897.60156,40118.91641
2019-08-27,43650,44200,43600,44050,40064.34375,16883932,39897.60156,40046.15469
2019-08-28,44100,44400,43750,44150,40155.29688,5758333,39958.23568,39982.48906
2019-08-29,44200,44200,43050,43400,39473.15625,10768862,39897.59896,39864.25156
2019-08-30,43750,44300,43750,44000,40018.87109,9899073,39882.44141,39873.34688
2019-09-02,44850,44850,43650,43800,39836.96875,7185537,39776.33203,39909.72734
2019-09-03,43550,43650,43100,43250,39336.73047,9774941,39730.85677,39764.20469
2019-09-04,43250,44100,43150,44100,40109.82422,12441837,39761.17448,39755.11016
2019-09-05,44800,46100,44450,45700,41565.05078,18297430,40337.20182,40173.48906
2019-09-06,46500,46500,45850,46300,42110.76172,9896562,41261.87891,40591.86719
2019-09-09,46450,47000,46300,46900,42656.47656,9434157,42110.76302,41155.76875
2019-09-10,47100,47200,46550,47000,42747.42969,9231792,42504.88932,41837.90859
2019-09-11,47300,47400,46800,47150,42883.85547,16141619,42762.58724,42392.71484
2019-09-16,47000,47100,46400,47100,42838.38281,15550926,42823.22266,42647.38125
2019-09-17,47000,47100,46800,46900,42656.47656,7006280,42792.90495,42756.52422
2019-09-18,46900,47700,46800,47700,43384.09766,10413027,42959.65234,42902.04844
2019-09-19,48050,49200,47850,49150,44702.89844,16461413,43581.15755,43293.14219
2019-09-20,49400,49600,49100,49200,44748.37109,15460210,44278.45573,43666.04531
2019-09-23,49250,49300,49000,49300,44839.32422,7568553,44763.53125,44066.23359
2019-09-24,49050,49650,48850,49500,45021.23047,7871955,44869.64193,44539.18438
2019-09-25,49200,49350,48800,48900,44475.51953,9187141,44778.69141,44757.46875
2019-09-26,49000,49250,48900,49200,44748.37109,8494756,44748.3737,44766.56328
2019-09-27,48000,48700,48000,48400,44339.78516,8048041,44521.22526,44684.84609
2019-09-30,48050,49250,47900,49050,44935.25781,9497119,44674.47135,44704.03281
2019-10-01,48900,49100,48650,48850,44752.03125,6206035,44675.69141,44650.19297
2019-10-02,48350,48400,47600,47600,43606.90234,8382463,44431.39714,44476.46953
2019-10-04,47400,48650,47350,48000,43973.33984,9331695,44110.75781,44321.46328
2019-10-07,48350,48700,47650,47750,43744.31641,7047273,43774.85286,44202.36953
2019-10-08,47900,49000,47600,48900,44797.83984,14239367,44171.83203,44174.88594
2019-10-10,48200,49200,48000,48550,44477.20313,18639855,44339.78646,44119.92031
2019-10-11,49000,49450,48800,49150,45026.87109,7783275,44767.30469,44403.91406
2019-10-14,50000,50300,49850,50000,45805.5625,11130635,45103.21224,44770.35859
2019-10-15,49900,50200,49900,50100,45897.17969,6058105,45576.53776,45200.93125
2019-10-16,50700,50900,50400,50700,46446.84766,9136282,46049.86328,45530.73281
2019-10-17,50500,50600,50100,50500,46263.62109,6701380,46202.54948,45888.01641
2019-10-18,50300,50900,49650,49900,45713.94531,8483106,46141.47135,46025.43125
2019-10-21,49900,50400,49800,50300,46080.40234,4406531,46019.32292,46080.39922
2019-10-22,50800,51500,50700,51200,46904.89453,10898729,46233.08073,46281.94219
2019-10-23,51300,51500,50800,51200,46904.89453,8663880,46630.0638,46373.55156
2019-10-24,52500,52500,50500,50700,46446.84766,21185785,46752.21224,46410.19688
2019-10-25,50800,51200,50500,50900,46630.0625,7879897,46660.60156,46593.42031
2019-10-28,50700,51500,50700,51300,46996.50781,6431522,46691.13932,46776.64141
2019-10-29,51400,51700,50800,51100,46813.28516,7581629,46813.28516,46758.31953
2019-10-30,50700,50800,50200,50400,46172.01172,8959435,46660.60156,46611.74297
2019-10-31,51000,51400,50300,50400,46172.01172,10304777,46385.76953,46556.77578
2019-11-01,50600,51200,50400,51200,46904.89453,8467846,46416.30599,46611.74219
2019-11-04,51700,52300,51400,52300,47912.61719,13012411,46996.50781,46794.96406
2019-11-05,52400,52700,52100,52700,48279.07031,10581034,47698.86068,47088.12109
2019-11-06,52900,53500,52700,53300,48828.73438,14361133,48340.14063,47619.46563
2019-11-07,53400,53400,52400,52900,48462.28516,9257116,48523.36328,48077.52031
2019-11-08,53200,53300,52000,52100,47729.40234,11603290,48340.14063,48242.42188
2019-11-11,52200,52200,51400,51600,47271.34766,8185952,47821.01172,48114.16797
2019-11-12,51800,52600,51600,52600,48187.44531,6576148,47729.39844,48095.84297
2019-11-13,52500,52500,52000,52500,48095.83984,6225196,47851.54427,47949.26406
2019-11-14,51900,52800,51900,52800,48370.67969,12010018,48217.98828,47930.94297
2019-11-15,52900,53700,52600,53700,49195.17188,9703360,48553.89714,48224.09688
2019-11-18,53600,53800,53200,53500,49011.95703,7746554,48859.26953,48572.21875
2019-11-19,53200,53500,52700,53500,49011.95703,8907177,49073.02865,48737.12109
2019-11-20,53400,53400,52000,52000,47637.78516,12560070,48553.89974,48645.51016
2019-11-21,51600,52100,50600,51000,46721.67578,14298646,47790.47266,48315.70937
2019-11-22,51000,51600,50900,51600,47271.34766,8478310,47210.26953,47930.94453
2019-11-25,52200,52600,51700,51800,47454.55859,9050625,47149.19401,47619.46484
2019-11-26,51900,52900,51800,51800,47454.55859,27372226,47393.48828,47307.98516
2019-11-27,51800,52300,51600,52200,47821.01563,7546261,47576.71094,47344.63125
2019-11-28,51900,52100,51300,51300,46996.50781,6833885,47424.02734,47399.59766
2019-11-29,51200,51400,50200,50300,46080.40234,11179334,46965.97526,47161.40859
2019-12-02,50900,51300,50400,50400,46172.01172,18877252,46416.30729,46904.89922
2019-12-03,49800,50300,49500,49900,45713.94531,12059812,45988.78646,46556.77656
2019-12-04,49600,49850,49000,49450,45301.70703,13246549,45729.22135,46052.91484
2019-12-05,50200,50400,49500,49500,45347.51172,10449715,45454.38802,45723.11563
2019-12-06,50100,50900,49950,50400,46172.01172,11414563,45607.07682,45741.4375
2019-12-09,50900,51400,50700,51200,46904.89453,8470627,46141.47266,45888.01406
2019-12-10,51000,51600,50700,51500,47179.73047,6882771,46752.21224,46181.17109
2019-12-11,51500,52200,51400,51900,47546.17578,11379521,47210.26693,46630.06484
2019-12-12,53000,53300,52700,53300,48828.73438,29178697,47851.54688,47326.30937
2019-12-13,54500,54800,53900,54700,50111.29297,18120261,48828.73438,48114.16563
2019-12-16,54500,54900,54300,54700,50111.29297,11512405,49683.77344,48755.44531
2019-12-17,55800,56700,55400,56700,51943.50781,19358433,50722.03125,49708.20078
2019-12-18,56700,57200,56000,56300,51577.07031,15558208,51210.6237,50514.37969
2019-12-19,57000,57300,55500,56000,51302.23047,14180520,51607.60287,51009.07891
2019-12-20,56100,56500,55600,56000,51302.23047,12095519,51393.84375,51247.26641
2019-12-23,56100,56400,55100,55500,50844.17578,9839252,51149.54557,51393.84297
2019-12-24,55600,55700,54800,55000,50386.11719,11868463,50844.17448,51082.36484
2019-12-26,54700,55400,54400,55400,50752.57031,9645034,50660.95443,50917.46484
2019-12-27,55700,56900,55500,56500,52093.16016,12313056,51077.28255,51075.65078
2019-12-30,56200,56600,55700,55800,51447.75,8356767,51431.16016,51104.75469
2020-01-02,55500,56000,55000,55200,50894.55469,12993228,51478.48828,51114.83047
2020-01-03,56000,56600,54900,55500,51171.15625,15422255,51171.15365,51271.83828
2020-01-06,54900,55600,54600,55500,51171.15625,10278951,51078.95573,51355.55547
2020-01-07,55700,56400,55600,55800,51447.75,10009778,51263.35417,51226.47344
2020-01-08,56200,57400,55900,56800,52369.75391,23501171,51662.88672,51410.87422
2020-01-09,58400,58600,57400,58600,54029.36719,24102579,52615.6237,52037.83672
2020-01-10,58800,59700,58300,59500,54859.16797,16000170,53752.76302,52775.43906
2020-01-13,59600,60000,59100,60000,55320.17188,11359139,54736.23568,53605.24219
2020-01-14,60400,61000,59900,60000,55320.17188,16906295,55166.50391,54379.72656
2020-01-15,59500,59600,58900,59000,54398.16016,14300928,55012.83464,54785.40781
2020-01-16,59100,60700,59000,60700,55965.57422,14381774,55227.96875,55172.64922
2020-01-17,61900,62000,61000,61300,56518.77344,16025661,55627.5026,55504.57031
2020-01-20,62000,62800,61700,62400,57532.97266,12528855,56672.4401,55947.13047
2020-01-21,62000,62400,61200,61400,56610.97266,11142693,56887.57292,56205.29063
2020-01-22,60500,62600,60400,62300,57440.77344,15339565,57194.90625,56813.81328
2020-01-23,61800,61800,60700,60800,56057.76953,14916555,56703.17188,56832.25234
2020-01-28,59400,59400,58300,58800,54213.76172,23664541,55904.10156,56371.25
2020-01-29,59100,59700,58800,59100,54490.36719,16446102,54920.63281,55762.72891
2020-01-30,58800,58800,56800,57200,52738.55469,20821939,53814.22787,54988.24531
2020-01-31,57800,58400,56400,56400,52000.96094,19749457,53076.6276,53900.28281
2020-02-03,55500,57400,55200,57200,52738.55469,23995260,52492.6901,53236.43984
2020-02-04,57100,59000,56800,58900,54305.96484,21800192,53015.16016,53254.88047
2020-02-05,60000,60200,58900,59500,54859.16797,19278165,53967.89583,53328.64063
2020-02-06,60100,61100,59700,61100,56334.36719,14727159,55166.5,54047.80313
2020-02-07,61100,61200,59700,60400,55688.97266,16402493,55627.5026,54785.40547
2020-02-10,59200,59800,59100,59700,55043.57031,13107121,55688.97005,55246.40859
2020-02-11,59800,60700,59700,59900,55227.97266,11071231,55320.17188,55430.81016
2020-02-12,60300,60700,59700,60500,55781.17578,12904207,55350.90625,55615.21172
2020-02-13,61200,61600,60500,60700,55965.57422,18449775,55658.24089,55541.45313
2020-02-14,60900,61900,60200,61800,56979.76953,13276067,56242.17318,55799.6125
2020-02-17,61600,62000,61200,61500,56703.17188,8740596,56549.50521,56131.53281
2020-02-18,60800,60900,59700,59800,55135.76563,16674266,56272.90234,56113.09141
2020-02-19,59800,60400,59400,60200,55504.56641,12951496,55781.16797,56057.76953
2020-02-20,60700,61300,59600,60000,55320.17188,14591924,55320.16797,55928.68906
2020-02-21,58800,59800,58500,59200,54582.56641,13777393,55135.76823,55449.24844
2020-02-24,57400,58100,56800,56800,52369.75391,25627537,54090.83073,54582.56484
2020-02-25,56200,58000,56200,57900,53383.96094,23885408,53445.42708,54232.20391
2020-02-26,56000,57000,56000,56500,52093.16016,25483102,52615.625,53549.92266
2020-02-27,56300,56900,55500,55900,51539.96094,23209541,52339.02734,52793.88047
2020-02-28,55000,55500,54200,54200,49972.54688,30054227,51201.88932,51871.87656
2020-03-02,54300,55500,53600,55000,50710.14844,30403412,50740.88542,51539.95547
2020-03-03,56700,56900,55100,55400,51078.95703,30330295,50587.21745,51078.95469
2020-03-04,54800,57600,54600,57400,52922.95313,24765728,51570.6862,51244.91328
2020-03-05,57600,58000,56700,57800,53291.75781,21698990,52431.22266,51595.27266
2020-03-06,56500,57200,56200,56500,52093.16016,18716656,52769.29036,52019.39531
2020-03-09,56500,56500,56500,56500,52093.16016,0,52492.69271,52295.99766
2020-03-10,53800,54900,53700,54600,50341.35547,32106554,51509.22526,52148.47734
2020-03-11,54300,54400,52000,52100,48036.35156,45707281,50156.95573,51171.15703
2020-03-12,52100,52100,52100,52100,48036.35156,0,48804.6862,50120.07578
2020-03-13,47450,51600,46850,49950,46054.03906,59462933,47375.58073,48912.25156
2020-03-16,50100,50900,48800,48900,45085.9375,33339821,46392.10938,47510.80703
2020-03-17,46900,49650,46700,47300,43610.73438,51218151,44916.90365,46164.68281
2020-03-18,47750,48350,45600,45600,42043.32422,40152623,43579.9987,44966.07734
2020-03-19,46400,46650,42300,42950,39600.01953,56925513,41751.35938,43278.81094
2020-03-20,44150,45500,43550,45400,41858.92969,49730008,41167.42448,42439.78906
2020-03-23,42600,43550,42400,42500,39185.12109,41701626,40214.6901,41259.62578
2020-03-24,43850,46950,43050,46950,43288.03125,49801908,41444.02734,41195.08516
2020-03-25,48950,49600,47150,48650,44855.4375,52735922,42442.86328,41757.50781
2020-03-26,49000,49300,47700,47800,44071.73438,42185129,44071.73438,42651.85078
2020-03-27,49600,49700,46850,48300,44532.73047,39896178,44486.63411,43186.61094
2020-03-30,47050,48350,46550,47850,44443.57031,26797395,44349.34505,44238.30078
2020-03-31,48000,48500,47150,47750,44350.6875,30654261,44442.32943,44450.83203
2020-04-01,47450,47900,45800,45800,42539.5,27259532,43777.91927,43987.64453
2020-04-02,46200,46850,45350,46800,43468.32031,21621076,43452.83594,43866.96172
2020-04-03,47400,47600,46550,47000,43654.08594,22784682,43220.63542,43691.23281
2020-04-06,47500,48800,47250,48700,45233.05469,23395726,44118.48698,43849.12969
2020-04-07,49650,50200,49000,49600,46068.98438,31524034,44985.375,44192.78906
2020-04-08,49600,49750,48600,48600,45140.17969,25010314,45480.73958,44712.925
2020-04-09,49750,49800,48700,49100,45604.58594,22628058,45604.58333,45140.17813
2020-04-10,48950,49250,48650,49250,45743.89844,17839111,45496.22135,45558.14063
2020-04-13,48650,48900,48300,48300,44861.53125,14431800,45403.33854,45483.83594
2020-04-14,48800,49200,48300,49000,45511.69531,14206216,45372.375,45372.37813
2020-04-16,49350,49350,48550,49000,45511.69531,23349760,45294.97396,45446.68125
2020-04-17,50800,52000,50300,51400,47740.83984,32041675,46254.74349,45873.93203
2020-04-20,51400,51400,50000,50100,46533.39453,21866354,46595.3099,46031.83125
2020-04-21,49400,49700,48700,49250,45743.89844,27407543,46672.71094,46208.30469
2020-04-22,48700,50000,48350,49850,46301.18359,18613864,46192.82552,46366.20234
2020-04-23,50200,50300,49500,49850,46301.18359,18754442,46115.42188,46524.1
2020-04-24,49650,49750,49000,49350,45836.78125,15618347,46146.38281,46143.28828
2020-04-27,49350,50000,49100,49850,46301.18359,14049471,46146.38281,46096.84609
2020-04-28,49850,50100,49300,50100,46533.39453,16095399,46223.78646,46254.74531
2020-04-29,49900,50500,49600,50000,46440.50781,15604533,46425.02865,46282.61016
2020-05-04,48900,49100,48500,48500,45047.29297,26083749,46007.0651,46031.83203
2020-05-06,49000,49200,48500,49200,45697.46484,18070225,45728.42188,46003.96875
2020-05-07,49200,49300,48700,48800,45325.94141,13884411,45356.89974,45808.92031
2020-05-08,49100,49350,48800,48800,45325.94141,15319700,45449.78255,45567.42969
2020-05-11,48900,49250,48300,48400,44954.41016,16357743,45202.09766,45270.21016
2020-05-12,48400,48500,47550,47900,44490.00781,23433590,44923.45313,45158.75313
2020-05-13,47250,48550,47200,48550,45093.74219,20223277,44846.05339,45038.00859
2020-05-14,47750,48100,47650,48000,44582.89063,19305974,44722.21354,44889.39844
2020-05-15,48400,48450,47700,47850,44443.57031,18463118,44706.73438,44712.92422
2020-05-18,47950,49100,47600,48800,45325.94141,20481981,44784.13411,44787.23047
2020-05-19,50100,50500,49700,50300,46719.16016,25168295,45496.22396,45233.06094
2020-05-20,50000,50200,49800,50000,46440.50781,14896899,46161.86979,45502.41406
2020-05-21,50300,50400,49850,49950,46394.07422,14949266,46517.91406,45864.65078
2020-05-22,49600,49800,48600,48750,45279.49609,19706284,46038.02604,46031.83594
2020-05-25,48750,48900,48450,48850,45372.38281,14337913,45681.98438,46041.12422
2020-05-26,48700,49450,48600,49250,45743.89844,15127490,45465.25912,45846.07188
2020-05-27,48950,50000,48800,49900,46347.63281,19548479,45821.30469,45827.49688
2020-05-28,51100,51200,49900,50400,46812.03516,31309318,46301.1888,45911.08906
2020-05-29,50000,50700,49700,50700,47090.67188,27596961,46750.11328,46273.32422
2020-06-01,50800,51200,50600,51200,47555.08203,16949183,47152.59635,46709.86406
2020-06-02,51000,51500,50800,51400,47740.83984,14247933,47462.19792,47109.25234
2020-06-03,51800,55000,51700,54500,50620.15625,49257814,48638.69271,47963.75703
2020-06-04,55800,57000,54600,54600,50713.03516,40220334,49691.34375,48743.95703
2020-06-05,54400,55900,54000,55500,51548.96484,22743629,50960.71875,49635.61562
2020-06-08,56400,56500,54700,54900,50991.67969,25634965,51084.5599,50322.93516
2020-06-09,55800,56500,54400,55500,51548.96484,23998831,51363.20313,51084.56016
2020-06-10,55100,55900,54900,55400,51456.08984,16742493,51332.24479,51251.74688
2020-06-11,54500,55100,53200,54300,50434.39453,33815123,51146.48307,51196.01875
2020-06-12,52100,52800,51500,52300,48576.77344,26976019,50155.7526,50601.58047
2020-06-15,51400,52000,49900,49900,46347.63281,28772921,48452.93359,49672.77109
2020-06-16,51200,52100,50600,52100,48391.00781,21808375,47771.80469,49041.17969
2020-06-17,52100,52900,51300,52200,48483.89063,26672595,47740.84375,48446.73984
2020-06-18,52200,52300,51600,52300,48576.77344,15982926,48483.89063,48075.21563
2020-06-19,52600,52900,51600,52900,49134.0625,18157985,48731.57552,48186.67344
2020-06-22,52000,52600,51800,52000,48298.13281,13801350,48669.65625,48576.77344
2020-06-23,52500,52800,51100,51400,47740.83984,18086152,48391.01172,48446.73984
2020-06-24,51900,53900,51600,52900,49134.0625,24519552,48391.01172,48576.77422
2020-06-25,52100,53000,51900,51900,48205.25391,18541624,48360.05208,48502.47031
2020-06-26,52800,53900,52200,53300,49505.58984,21575360,48948.30208,48576.77578
2020-06-29,52500,53200,52000,52400,48995.0625,17776925,48901.96875,48716.16172
2020-06-30,53900,53900,52800,52800,49369.07031,21157172,49289.90755,49041.80781
2020-07-01,53400,53600,52400,52600,49182.0625,16706143,49182.0651,49051.40781
2020-07-02,52100,52900,52100,52900,49462.57031,14142583,49337.90104,49302.87109
2020-07-03,53000,53600,52700,53600,50117.08984,11887868,49587.24089,49425.17109
2020-07-06,54000,55000,53800,55000,51426.11328,19856623,50335.25781,49911.38125
2020-07-07,55800,55900,53400,53400,49930.08203,30760032,50491.09505,50023.58359
2020-07-08,53600,53900,52900,53000,49556.07031,19664652,50304.08854,50098.38516
2020-07-09,53200,53600,52800,52800,49369.07031,17054850,49618.40755,50079.68516
2020-07-10,53100,53200,52300,52700,49275.57031,13714746,49400.23698,49911.38125
2020-07-13,53300,53800,53100,53400,49930.08203,12240188,49524.90755,49612.175
2020-07-14,53700,53800,53200,53800,50304.08984,14269484,49836.58073,49686.97656
2020-07-15,54400,55000,54300,54700,51145.60547,24051450,50459.92578,50004.88359
2020-07-16,54800,54800,53800,53800,50304.08984,16779127,50584.59505,50191.8875
2020-07-17,54200,54700,54100,54400,50865.10156,10096174,50771.59896,50509.79375
2020-07-20,54800,54800,54000,54200,50678.09375,10507530,50615.76172,50659.39609
2020-07-21,55200,55400,54800,55300,51706.62109,18297260,51083.27214,50939.90234
2020-07-22,55300,55500,54700,54700,51145.60547,12885057,51176.77344,50939.90234
2020-07-23,54700,54700,53800,54100,50584.58984,16214932,51145.60547,50996.00234
2020-07-24,54000,54400,53700,54200,50678.09375,10994535,50802.76302,50958.60078
2020-07-27,54300,55700,54300,55600,51987.125,21054421,51083.26953,51220.40703
2020-07-28,57000,58800,56400,58600,54792.1875,48431566,52485.80208,51837.52031
2020-07-29,60300,60400,58600,59000,55166.19531,36476611,53981.83594,52641.63828
2020-07-30,59700,60100,59000,59000,55166.19531,19285354,55041.52604,53557.95938
2020-07-31,59500,59600,57700,57900,54137.67188,21943345,54823.35417,54249.875
2020-08-03,57800,57900,56700,56800,53109.15234,21158940,54137.67318,54474.28047
2020-08-04,57200,58100,57000,57300,53576.65625,19419694,53607.82682,54231.17422
2020-08-05,57300,57500,56300,56900,53202.64844,17739706,53296.15234,53838.46484
2020-08-06,57100,58400,57100,58000,54231.17188,21625874,53670.15885,53651.46016
2020-08-07,57900,58400,57100,57500,53763.66406,18751717,53732.49479,53576.65859
2020-08-10,57600,58300,57500,57800,54044.16797,17774291,54013.0013,53763.66172
2020-08-11,58000,59500,57800,58200,54418.17969,24907912,54075.33724,53931.96641
2020-08-12,58200,59000,57700,59000,55166.19531,18573934,54542.84766,54324.67578
2020-08-13,59400,59600,58000,58700,54885.69141,22089460,54823.35547,54455.57969
2020-08-14,58000,58400,57700,58000,54231.17188,15672548,54761.01953,54549.08125
2020-08-18,58900,59900,58000,58400,54605.18359,25307825,54574.01563,54661.28438
2020-08-19,59000,59200,57800,57800,54044.16797,16930719,54293.50781,54586.48203
2020-08-20,57600,57600,55300,55400,51800.125,30386029,53483.15885,53913.26797
2020-08-21,56200,56900,55800,55900,52267.63281,21142288,52703.97526,53389.65625
2020-08-24,55800,56600,55400,56100,52454.63672,15055896,52174.13151,53034.34922
2020-08-25,56400,56800,56100,56400,52735.14063,14021705,52485.80339,52660.34063
2020-08-26,56400,56500,55700,56400,52735.14063,17651593,52641.63932,52398.53516
2020-08-27,56300,56300,55600,55600,51987.125,16196568,52485.80208,52435.93516
2020-08-28,56100,56300,55400,55400,51800.125,14619888,52174.13021,52342.43359
2020-08-31,56000,56100,54000,54000,50491.08984,32671367,51426.11328,51949.72422
2020-09-01,54100,54800,54100,54200,50678.09375,19363117,50989.76953,51538.31484
2020-09-02,54600,55100,54100,54400,50865.10156,16905723,50678.09505,51164.30703
2020-09-03,55600,56700,55500,56400,52735.14063,28384920,51426.11198,51313.91016
2020-09-04,55200,55800,55100,55600,51987.125,22139109,51862.45573,51351.31016
2020-09-07,56100,57300,55800,56500,52828.64453,18685880,52516.97005,51818.82109
2020-09-08,57400,58700,57200,58700,54885.69141,31517520,53233.82031,52660.34062
2020-09-09,58200,59300,57800,58400,54605.18359,30597399,54106.50651,53408.35703
2020-09-10,59900,60000,59100,59200,55353.20703,29923293,54948.02734,53931.97031
2020-09-11,59300,59400,58200,59000,55166.19531,16017098,55041.52865,54567.78438
2020-09-14,60200,60800,59900,60400,56475.22266,20648281,55664.875,55297.1
2020-09-15,60900,61000,60500,61000,57036.23828,17877075,56225.88542,55727.20937
2020-09-16,61100,61300,60600,61000,57036.23828,17041444,56849.23307,56213.42031
2020-09-17,60700,60800,59300,59500,55633.70313,25108356,56568.72656,56269.51953
2020-09-18,59800,59900,59100,59300,55446.69922,18884571,56038.88021,56325.62031
2020-09-21,59100,60000,59000,59200,55353.20703,15140387,55477.86979,56101.21719
2020-09-22,59100,59700,57800,58200,54418.17969,20830381,55072.69531,55577.60547
2020-09-23,58400,58800,57400,58600,54792.1875,20111398,54854.52474,55128.79531
2020-09-24,57700,58600,57600,57800,54044.16797,17564020,54418.17839,54810.88828
2020-09-25,57700,58200,57700,57900,54137.67188,11444683,54324.67578,54549.08281
2020-09-28,58300,58800,57900,58200,54752.9375,12614080,54311.59245,54429.02891
2020-09-29,58300,59000,58200,58200,54752.9375,15503563,54547.84896,54495.98047
2020-10-05,57500,59200,57500,58700,55223.32813,20228289,54909.73438,54582.20859
2020-10-06,59400,59900,58700,59000,55505.55469,14463826,55160.60677,54874.48594
2020-10-07,58700,59900,58500,59900,56352.25391,14861838,55693.71224,55317.40234
2020-10-08,60500,60700,59500,59700,56164.10156,24589924,56007.30339,55599.63516
2020-10-12,60000,60400,59900,60400,56822.63672,16145837,56446.33073,56013.575
2020-10-13,61000,61400,60400,60900,57293.02344,19247631,56759.92057,56427.51406
2020-10-14,61000,61100,60500,60900,57293.02344,16086716,57136.22787,56785.00781
2020-10-15,60700,60800,59700,60000,56446.33203,17756232,57010.79297,56803.82344
2020-10-16,60000,60400,59000,59500,55975.94141,16554190,56571.76563,56766.19141
2020-10-19,59600,60200,59500,60000,56446.33203,14474985,56289.53516,56690.93047
2020-10-20,60300,60900,60100,60900,57293.02344,19326115,56571.76563,56690.93047
2020-10-21,61200,61500,60600,60900,57293.02344,15703443,57010.79297,56690.93047
2020-10-22,60300,60500,59800,60100,56540.41016,14294095,57042.15234,56709.74609
2020-10-23,60400,60400,59800,60200,56634.48438,9322232,56822.63932,56841.45469
2020-10-26,60400,61100,60100,60400,56822.63672,13268226,56665.84375,56916.71563
2020-10-27,60300,60300,59500,59800,56258.17188,17260416,56571.76432,56709.74531
2020-10-28,59400,59400,58800,59000,55505.55469,14428882,56195.45443,56352.25156
2020-10-29,58200,58500,57500,58100,54658.85938,22636966,55474.19531,55975.94141
2020-10-30,58000,58000,56600,56600,53247.70703,26907844,54470.70703,55298.58594
2020-11-02,56400,57500,56000,57400,54000.31641,20489076,53968.96094,54734.12187
2020-11-03,57900,58900,57600,58800,55317.39844,14950919,54188.47396,54545.96719
2020-11-04,58900,59000,57800,58500,55035.17188,21718561,54784.29557,54451.89063
2020-11-05,59000,60300,58800,60300,56728.5625,20639475,55693.71094,54865.83125
2020-11-06,60700,60800,59600,60100,56540.41016,16910230,56101.38151,55524.37187
2020-11-09,60700,60900,60100,60200,56634.48438,15892961,56634.48568,56051.20547
2020-11-10,60500,60500,59500,60200,56634.48438,19073552,56603.1263,56314.62266
2020-11-11,60700,61400,60400,61300,57669.33594,25628510,56979.4349,56841.45547
2020-11-12,61000,61400,60700,61000,57387.10156,19800573,57230.30729,56973.16328
2020-11-13,61300,63200,61000,63200,59456.79688,31508829,58171.07813,57556.44063
2020-11-16,64000,66700,63900,66300,62373.19531,36354334,59739.03125,58704.18281
2020-11-17,67000,67000,65600,65700,61808.73047,30204089,61212.90755,59739.03203
2020-11-18,65700,66200,64700,64800,60962.03516,22963790,61714.65365,60397.57188
2020-11-19,64100,64800,63900,64600,60773.875,16590290,61181.54688,61074.92656
2020-11-20,63900,65200,63900,64700,60867.95703,15068682,60867.95573,61357.15859
2020-11-23,64800,67800,64700,67500,63502.11719,27134398,61714.64974,61582.94297
2020-11-24,67900,69500,67000,67700,63690.27734,32158235,62686.78385,61959.25234
2020-11-25,67900,68300,66500,66600,62655.42578,32447065,63282.60677,62297.93047
2020-11-26,66100,68000,66000,68000,63972.50391,19023323,63439.40234,62937.65625
2020-11-27,68000,68400,67600,68200,64160.66406,14063434,63596.19792,63596.19766
2020-11-30,68400,68600,66700,66700,62749.50781,43811016,63627.55859,63445.67578
2020-12-01,67100,68300,67100,67800,63784.35156,22327173,63564.84115,63464.49063
2020-12-02,68400,69900,68300,69500,65383.67188,29703942,63972.51042,64010.13984
2020-12-03,70100,70500,69300,69700,65571.8125,23677989,64913.27865,64330.00156
2020-12-04,70400,72100,70100,71500,67265.21094,28130533,66073.5651,64950.91094
2020-12-07,72400,73500,71900,72900,68582.28125,28490496,67139.76823,66117.46563
2020-12-08,72200,72900,71600,71700,67453.36719,25000338,67766.95313,66851.26875
2020-12-09,72100,73900,72000,73900,69523.0625,24077996,68519.57031,67679.14688
2020-12-10,72700,73800,72500,72900,68582.28125,39882928,68519.57031,68281.24063
2020-12-11,73500,73800,73100,73400,69052.67969,18486672,69052.67448,68638.73438
2020-12-14,73600,74500,73200,73800,69428.98438,21510415,69021.3151,68808.075
2020-12-15,73800,74100,73300,73800,69428.98438,20863671,69303.54948,69203.19844
2020-12-16,74100,74500,73400,73800,69428.98438,17512081,69428.98438,69184.38281
2020-12-17,73400,73700,72600,73300,68958.59375,24293214,69272.1875,69259.64531
2020-12-18,73300,73700,73000,73000,68676.36719,17613029,69021.3151,69184.38281
2020-12-21,73100,73400,72000,73000,68676.36719,20367355,68770.44271,69033.85938
2020-12-22,72500,73200,72100,72300,68017.82031,16304910,68456.85156,68751.62656
2020-12-23,72400,74000,72300,73900,69523.0625,19411326,68739.08333,68770.44219
2020-12-24,74100,78800,74000,77800,73192.07813,32502870,70244.32031,69617.13906
2020-12-28,79000,80100,78200,78700,74038.75781,40085044,72251.29948,70689.61719
2020-12-29,78800,78900,77300,78300,75516.30469,30339449,74249.04688,72057.60469
2020-12-30,77400,81300,77300,81000,78120.3125,29417421,75891.79167,74078.10313
2021-01-04,81000,84400,80200,83000,80049.21094,38655276,77895.27604,76183.33281
2021-01-05,81600,83900,81600,83900,80917.21094,35335669,79695.57813,77728.35938
2021-01-06,83300,84500,82100,82200,79277.64844,42089013,80081.35677,78776.1375
2021-01-07,82800,84200,82700,82900,79952.76563,32644642,80049.20833,79663.42969
2021-01-08,83300,90000,83000,88800,85643.00781,59013307,81624.47396,81167.96875
2021-01-11,90000,96800,89500,91000,87764.80469,90306177,84453.52604,82711.0875
2021-01-12,90300,91400,87800,90600,87379.02344,48682416,86928.94531,84003.45
2021-01-13,89800,91200,89100,89700,86511.01563,36068848,87218.28125,85450.12344
2021-01-14,88700,90000,88700,89700,86511.01563,26393970,86800.35156,86761.77344
2021-01-15,89800,91800,88000,88000,84871.45313,33431809,85964.49479,86607.4625
2021-01-18,86600,87300,84100,85000,81978.10156,43227951,84453.52344,85450.12188
2021-01-19,84500,88000,83600,87000,83907,39895044,83585.51823,84755.71719
2021-01-20,89000,89000,86500,87200,84099.90625,25211127,83328.33594,84273.49531
2021-01-21,87500,88600,86500,88100,84967.90625,25318011,84324.9375,83964.87344
2021-01-22,89000,89700,86800,86800,83714.10938,30861661,84260.64063,83733.40469
2021-01-25,87000,89900,86300,89400,86221.67188,27258534,84967.89583,84582.11875
2021-01-26,88800,89200,86500,86700,83617.66406,33178936,84517.8151,84524.25156
2021-01-27,86600,87700,85600,85600,82556.77344,26423070,84132.03646,84215.625
2021-01-28,83200,85600,83200,83700,80724.32031,31859808,82299.58594,83366.90781
2021-01-29,84500,85000,82000,82000,79084.77344,39615978,80788.6224,82441.04063
2021-02-01,81700,83400,81000,83000,80049.21094,28046832,79952.76823,81206.54844
2021-02-02,84100,86400,83700,84400,81399.44531,26302077,80177.8099,80762.90469
2021-02-03,84800,85400,83400,84600,81592.32813,22112205,81013.66146,80570.01563
2021-02-04,83500,83800,82100,82500,79566.97656,24171688,80852.91667,80338.54688
2021-02-05,83100,84000,82500,83500,80531.42969,18036835,80563.57813,80627.87813
2021-02-08,83800,84200,83000,83000,80049.21094,15338765,80049.20573,80627.87813
2021-02-09,84000,84800,82700,82700,79759.875,20898332,80113.50521,80299.96406
2021-02-10,82600,82600,81600,81600,78698.98438,23025766,79502.6901,79721.29531
2021-02-15,83800,84500,83300,84200,81206.54688,23529706,79888.46875,80049.20938
2021-02-16,84500,86000,84200,84900,81881.66406,20483100,80595.73177,80319.25625
2021-02-17,83900,84200,83000,83200,80242.10156,18307735,81110.10417,80357.83438
2021-02-18,83200,83600,82100,82100,79181.21094,21327683,80434.99219,80242.10156
2021-02-19,82300,82800,81000,82600,79663.42969,25880879,79695.58073,80434.99063
2021-02-22,83800,84200,82200,82200,79277.64844,25419886,79374.09635,80049.21094
2021-02-23,81200,82900,81100,82000,79084.77344,20587314,79341.95052,79489.83281
2021-02-24,81800,83600,81300,82000,79084.77344,26807651,79149.0651,79258.36719
2021-02-25,84000,85400,83000,85300,82267.44531,34155986,80145.66406,79875.61406
2021-02-26,82800,83400,82000,82500,79566.97656,38520800,80306.39844,79856.32344
2021-03-02,85100,85300,83000,83600,80627.875,33498180,80820.76563,80126.36875
2021-03-03,83500,84000,82800,84000,81013.65625,19882132,80402.83594,80512.14531
2021-03-04,82600,83200,82200,82400,79470.54688,24348331,80370.69271,80589.3
2021-03-05,81100,82600,81100,82100,79181.21094,20508971,79888.47135,79972.05313
2021-03-08,82900,83000,81600,82000,79084.77344,17641256,79245.51042,79875.6125
2021-03-09,81400,81900,80600,81400,78506.10156,25420764,78924.02865,79451.25781
2021-03-10,82400,82500,80700,80900,78023.86719,20038422,78538.2474,78853.3
2021-03-11,81000,82500,81000,82000,79084.77344,23818297,78538.2474,78776.14531
2021-03-12,83100,83500,82400,82800,79856.32813,13530573,78988.32292,78911.16875
2021-03-15,82800,82900,81800,81800,78891.86719,13735798,79277.65625,78872.5875
2021-03-16,82200,83000,82100,82800,79856.32813,12293537,79534.84115,79142.63281
2021-03-17,82800,82900,82000,82300,79374.10938,11625146,79374.10156,79412.68125
2021-03-18,82800,83800,82600,82900,79952.76563,18585244,79727.73438,79586.27969
2021-03-19,82100,82500,81800,81900,78988.32031,15869700,79438.39844,79412.67813
2021-03-22,82000,82300,81700,82000,79084.77344,12670506,79341.95313,79451.25938
2021-03-23,82600,82900,81800,81800,78891.86719,13299907,78988.32031,79258.36719
2021-03-24,81000,81600,80700,81000,78120.3125,17926638,78698.98438,79007.60781
2021-03-25,81000,82100,80800,81200,78313.21094,14758826,78441.79688,78679.69688
2021-03-26,81400,81600,81000,81500,78602.53906,12845778,78345.35417,78602.54063
2021-03-29,81700,81700,81000,81600,78698.98438,14952134,78538.24479,78525.38281
2021-03-30,81600,82300,81300,82200,79629.9375,13121698,78977.15365,78672.99688
2021-03-31,82400,82700,81400,81400,78854.95313,17240518,79061.29167,78819.925
2021-04-01,82500,83000,82000,82900,80308.04688,18676461,79597.64583,79218.89219
2021-04-02,84000,85200,83900,84800,82148.65625,22997538,80437.21875,79928.11563
2021-04-05,85800,86000,84800,85400,82729.89063,16255990,81728.86458,80734.29688
2021-04-06,86200,86200,85100,86000,83311.125,19042023,82729.89063,81470.53438
2021-04-07,86100,86200,85400,85600,82923.63281,17885538,82988.21615,82284.27031
2021-04-08,85700,85700,84100,84700,82051.78125,19244259,82762.17969,82633.01719
2021-04-09,84700,84900,83400,83600,80986.16406,18193707,81987.19271,82400.51875
2021-04-12,84100,84100,83100,83200,80598.67188,12915282,81212.20573,81974.275
2021-04-13,83000,84500,82800,84000,81373.65625,15238206,80986.16406,81586.78125
2021-04-14,84000,84300,83400,84000,81373.65625,13794652,81115.32813,81276.78594
2021-04-15,83700,84500,83400,84100,81470.53125,16377412,81405.94792,81160.53594
2021-04-16,84700,84700,83600,83900,81276.78906,15429522,81373.65885,81218.66094
2021-04-19,83800,84000,83300,83300,80695.54688,15287311,81147.6224,81238.03594
2021-04-20,83300,84000,83100,83900,81276.78906,15521965,81083.04167,81218.6625
2021-04-21,83300,83500,82500,82600,80017.42969,21636079,80663.25521,80947.41719
2021-04-22,82900,83000,82400,82400,79823.6875,13934746,80372.63542,80618.04844
2021-04-23,81900,82900,81600,82800,80211.1875,17805080,80017.4349,80404.92813
2021-04-26,82900,83500,82600,83500,80889.28906,15489938,80308.05469,80443.67656
2021-04-27,83200,83300,82500,82900,80308.04688,12941533,80469.50781,80249.92813
2021-04-28,83200,83200,82100,82100,79533.07031,15596759,80243.46875,80153.05625
2021-04-29,82400,82500,81500,81700,79145.57031,20000973,79662.22917,80017.43281
2021-04-30,81900,82100,81500,81500,78951.82813,18673197,79210.15625,79765.56094
2021-05-03,81000,82400,81000,81700,79145.57031,15710336,79080.98958,79416.81719
2021-05-04,81900,82600,81800,82600,80017.42969,12532550,79371.60938,79358.69375
2021-05-06,81700,82300,81700,82300,79726.82031,17047511,79629.9401,79397.44375
2021-05-07,81800,82100,81500,81900,79339.32031,14154882,79694.52344,79436.19375
2021-05-10,82300,83500,81800,83200,80598.67188,19385027,79888.27083,79765.5625
2021-05-11,82500,82600,81100,81200,78661.21094,28996680,79533.06771,79668.69063
2021-05-12,80800,81200,79800,80000,77498.72656,35812268,78919.53646,79164.95
2021-05-13,78900,79600,78400,78500,76045.625,31490096,77401.85417,78428.71094
2021-05-14,79000,80300,78900,80100,77595.60156,16450920,77046.65104,78079.96719
2021-05-17,80800,80900,79200,79600,77111.22656,17740855,76917.48438,77382.47813
2021-05-18,79600,80000,79100,79600,77111.22656,17494407,77272.6849,77072.48125
2021-05-20,79400,79700,79100,79500,77014.36719,16541828,77078.9401,76975.60938
2021-05-21,80100,81500,79800,80100,77595.60156,20961714,77240.39844,77285.60469
2021-05-24,80100,80400,79500,79700,77208.10156,13398666,77272.6901,77208.10469
2021-05-25,80000,80400,79800,79900,77401.85156,13628942,77401.85156,77266.22969
2021-05-26,80400,80500,79700,79800,77304.96875,11984359,77304.97396,77304.97813
2021-05-27,80000,80000,79100,79600,77111.22656,23198510,77272.68229,77324.35
2021-05-28,79800,80400,79400,80100,77595.60156,12360199,77337.26563,77324.35
2021-05-31,80300,80600,79600,80500,77983.08594,13321324,77563.30469,77479.34688
2021-06-01,80500,81300,80100,80600,78079.96094,14058401,77886.21615,77614.96875
2021-06-02,80400,81400,80300,80800,78273.70313,16414644,78112.25,77808.71563
2021-06-03,81300,83000,81100,82800,80211.1875,29546007,78854.95052,78428.70781
2021-06-04,82700,82700,81500,82200,79629.9375,18112259,79371.60938,78835.575
2021-06-07,82700,82800,81600,81900,79339.32031,16496197,79726.8151,79106.82188
2021-06-08,82300,82600,81800,81900,79339.32031,12781226,79436.19271,79358.69375
2021-06-09,81500,82000,81100,81100,78564.33594,14908823,79080.99219,79416.82031
2021-06-10,81300,81400,80900,81000,78467.46094,17586995,78790.3724,79068.075
2021-06-11,81200,81700,80700,81000,78467.46094,14087962,78499.7526,78835.57969
2021-06-14,80800,80900,80500,80500,77983.08594,10550078,78306.0026,78564.33281
2021-06-15,80900,81200,80600,80900,78370.57813,10075685,78273.70833,78370.58438
2021-06-16,81500,81900,81100,81800,79242.4375,14999855,78532.03385,78506.20469
2021-06-17,81100,81300,80700,80900,78370.57813,14007385,78661.19792,78486.82813
2021-06-18,81100,81100,80500,80500,77983.08594,14916721,78532.03385,78389.95313
2021-06-21,79700,80000,79600,79900,77401.85156,16063340,77918.50521,78273.70625
2021-06-22,80200,80300,79900,80000,77498.72656,11773365,77627.88802,78099.33594
2021-06-23,80500,80600,79900,80100,77595.60156,13856548,77498.72656,77769.96875
2021-06-24,80400,81400,80100,81200,78661.21094,18771080,77918.51302,77828.09531
2021-06-25,81500,81900,81200,81600,79048.70313,13481405,78435.17188,78041.21875
2021-06-28,81700,82000,81600,81900,79339.32031,11578529,79016.41146,78428.7125
2021-06-29,81900,82100,80800,81000,78814.85938,15744317,79067.6276,78691.93906
2021-06-30,81100,81400,80700,80700,78522.95313,13288643,78892.3776,78877.40938
2021-07-01,80500,80600,80000,80100,77939.14063,13382882,78425.65104,78732.99531
2021-07-02,80000,80400,79900,80000,77841.83594,8753097,78101.3099,78491.62188
2021-07-05,80100,80800,80000,80400,78231.04688,8330969,78004.00781,78269.96719
2021-07-06,80600,81200,80500,81200,79009.46875,12131651,78360.78385,78308.88906
2021-07-07,81200,81300,80300,80800,78620.25,15992202,78620.25521,78328.34844
2021-07-08,81100,81200,79900,79900,77744.53906,16660998,78458.08594,78289.42813
2021-07-09,79600,79800,79000,79400,77258.02344,22720577,77874.27083,78172.66563
2021-07-12,79900,80000,79500,79700,77549.92969,9768108,77517.4974,78036.44219
2021-07-13,80000,80200,79800,79800,77647.22656,9863450,77485.0599,77763.99375
2021-07-14,79400,79600,79100,79500,77355.33594,11575636,77517.4974,77511.01094
2021-07-15,79800,80600,79500,80600,78425.64844,13766279,77809.40365,77647.23281
2021-07-16,80100,80100,79500,79800,77647.22656,10859399,77809.40365,77725.07344
2021-07-19,79100,79200,78800,79000,76868.82031,13155414,77647.23177,77588.85156
2021-07-20,78500,79000,78400,79000,76868.82031,12456646,77128.28906,77433.17031
2021-07-21,79000,79100,78500,78500,76382.30469,12355296,76706.64844,77238.56406
2021-07-22,79000,79800,78900,79700,77549.92969,12618790,76933.6849,77063.42031
2021-07-23,79700,79900,79200,79300,77160.71875,9098910,77030.98438,76966.11875
2021-07-26,79400,79500,78800,78800,76674.20313,10040975,77128.28385,76927.19531
2021-07-27,79200,79400,78500,78500,76382.30469,11427693,76739.07552,76829.89219
2021-07-28,78300,79200,78100,79200,77063.41406,12743417,76706.64063,76966.11406
2021-07-29,78800,79400,78800,79000,76868.82031,14360453,76771.51302,76829.89219
2021-07-30,78900,78900,78500,78500,76382.30469,13823411,76771.51302,76674.20938
2021-08-02,79200,79500,78700,79300,77160.71875,11739124,76803.94792,76771.5125
2021-08-03,79400,81400,79300,81400,79204.07031,24339360,77582.36458,77335.86563
2021-08-04,82200,83100,81800,82900,80663.60156,25642368,79009.46354,78055.90313
2021-08-05,83300,83300,82000,82100,79885.1875,18485469,79917.61979,78659.17656
2021-08-06,81900,82500,81300,81500,79301.375,13342623,79950.05469,79242.99063
2021-08-09,81500,82300,80900,81500,79301.375,15522581,79495.97917,79671.12188
2021-08-10,82300,82400,80100,80200,78036.44531,20362639,78879.73177,79437.59688
2021-08-11,79600,79800,78500,78500,76382.30469,30241137,77906.70833,78581.3375
2021-08-12,77100,78200,76900,77000,74922.76563,42365223,76447.17188,77588.85313
2021-08-13,75800,76000,74100,74400,72392.90625,61270643,74565.99219,76207.15938
2021-08-17,74000,75100,74000,74200,72198.3125,30944847,73171.32813,74786.54688
2021-08-18,73900,74600,73100,73900,71906.39844,29192631,72165.8724,73560.5375
2021-08-19,73500,74400,73100,73100,71127.97656,22166298,71744.22917,72509.67188
2021-08-20,73500,73900,72500,72700,70738.76563,22364803,71257.71354,71672.87188
2021-08-23,73300,74000,73000,73300,71322.59375,19384648,71063.11198,71458.80938
2021-08-24,73900,75700,73900,75600,73560.53125,21016913,71873.96354,71731.25313
2021-08-25,76200,76600,74900,75700,73657.83594,22319664,72846.98698,72081.54063
2021-08-26,76100,76200,74600,74600,72587.50781,16671494,73268.625,72373.44688
2021-08-27,74300,75000,73800,74300,72295.60156,15172748,72846.98177,72684.81406
2021-08-30,75400,75500,74200,74600,72587.50781,12686999,72490.20573,72937.79688
2021-08-31,74900,76700,74300,76700,74630.86719,24630370,73171.32552,73151.86406
2021-09-01,76700,77100,75900,76800,74728.16406,16114775,73982.17969,73365.92969
2021-09-02,76800,76800,75700,76000,73949.75,15347486,74436.26042,73638.37813
2021-09-03,76400,76700,76000,76600,74533.57031,12096419,74403.82813,74085.97188
2021-09-06,76800,77600,76600,77300,75214.67188,12861180,74565.9974,74611.40469
2021-09-07,77100,77100,75900,76100,74047.04688,13239401,74598.42969,74494.64063
2021-09-08,76000,76400,75600,76300,74241.64844,11798147,74501.1224,74397.3375
2021-09-09,76400,76600,75000,75300,73268.625,17600770,73852.4401,74261.1125
2021-09-10,75300,75600,74800,75300,73268.625,10103212,73592.96615,74008.12344
2021-09-13,75200,76300,75100,76300,74241.64844,11397775,73592.96615,73813.51875
2021-09-14,77100,77700,76600,76600,74533.57031,18167057,74014.61458,73910.82344
2021-09-15,77400,77400,76400,77000,74922.76563,12829128,74565.99479,74047.04688
2021-09-16,77300,77400,76100,76100,74047.04688,13067622,74501.1276,74202.73125
2021-09-17,76300,77200,75900,77200,75117.36719,16289502,74695.72656,74572.47969
2021-09-23,77500,77600,76800,77400,75311.97656,17055590,74825.46354,74786.54531
2021-09-24,77600,77700,77100,77300,75214.67188,12247274,75214.67188,74922.76563
2021-09-27,77300,77700,77000,77700,75603.88281,11699798,75376.84375,75058.98906
2021-09-28,77700,77800,76200,76300,74241.64844,15406382,75020.06771,75097.90938
2021-09-29,74800,75300,73800,74100,72443.75,23992458,74096.42708,74563.18594
2021-09-30,74300,74800,73700,74100,72443.75,19919361,73043.04948,73989.54063
2021-10-01,73900,74000,72900,73200,71563.86719,15803395,72150.45573,73259.37969
2021-10-05,73000,73000,71400,72200,70586.21094,24013921,71531.27604,72255.84531
2021-10-06,72600,72800,71200,71300,69706.33594,18956962,70618.80469,71348.78281
2021-10-07,71600,72100,71300,71600,69999.63281,13683532,70097.39323,70859.95938
2021-10-08,72300,72400,71500,71500,69901.86719,14043287,69869.27865,70351.58281
2021-10-12,70700,70900,68700,69000,67457.75,31001484,69119.75,69530.35938
2021-10-13,68700,69600,68300,68800,67262.21875,24172015,68207.27865,68865.56094
2021-10-14,69000,69800,68800,69400,67848.8125,19520641,67522.92708,68494.05625
2021-10-15,70200,71000,70000,70100,68533.15625,18051612,67881.39583,68200.76094
2021-10-18,70200,70300,69200,70200,68630.92969,13486391,68337.63281,67946.57344
2021-10-19,70800,71000,70400,70600,69021.98438,9507991,68728.6901,68259.42031
2021-10-20,70700,71000,70200,70300,68728.6875,10151638,68793.86719,68552.71406
2021-10-21,70300,70600,70000,70200,68630.92969,10891094,68793.86719,68709.1375
2021-10-22,70000,70700,70000,70400,68826.46094,8395448,68728.69271,68767.79844
2021-10-25,69900,70600,69500,70200,68630.92969,10029621,68696.10677,68767.79844
2021-10-26,70600,71500,70400,71100,69510.80469,10528252,68989.39844,68865.5625
2021-10-27,71000,71000,70000,70100,68533.15625,10295316,68891.63021,68826.45625
2021-10-28,69500,72200,69500,70700,69119.75,20644902,69054.57031,68924.22031
2021-10-29,71200,71600,69700,69800,68239.86719,17016151,68630.92448,68806.90156
2021-11-01,70200,70600,69900,69900,68337.63281,11503729,68565.75,68748.24219
2021-11-02,70800,72200,70700,71500,69901.86719,16812570,68826.45573,68826.45469
2021-11-03,71700,71700,70100,70400,68826.46094,12770428,69021.98698,68885.11563
2021-11-04,71200,71600,70500,70600,69021.98438,11818987,69250.10417,68865.5625
2021-11-05,71600,71600,70200,70200,68630.92969,12667743,68826.45833,68943.775
2021-11-08,70400,70600,69800,70600,69021.98438,11121981,68891.63281,69080.64531
2021-11-09,70300,71000,70100,70500,68924.21875,11159589,68859.04427,68885.11563
2021-11-10,70300,70900,70200,70200,68630.92969,9422009,68859.04427,68846.00938
2021-11-11,69900,70000,69600,69900,68337.63281,11489122,68630.92708,68709.13906
2021-11-12,70200,70900,69900,70600,69021.98438,10087450,68663.51563,68787.35
2021-11-15,71700,71900,70900,71400,69804.10938,12420710,69054.57552,68943.775
2021-11-16,71500,72000,71300,71300,69706.33594,10919239,69510.8099,69100.19844
2021-11-17,71300,71600,70600,70700,69119.75,11027606,69543.39844,69197.9625
2021-11-18,70700,71000,70200,70200,68630.92969,10144957,69152.33854,69256.62188
2021-11-19,70400,71400,70100,71200,69608.57813,11954728,69119.7526,69373.94063
2021-11-22,73300,75200,73000,74900,73225.875,27506623,70488.46094,70058.29375
2021-11-23,76000,76000,74500,75300,73616.9375,22029195,72150.46354,70840.41406
2021-11-24,76000,76200,74100,74800,73128.10156,15652305,73323.63802,71642.08438
2021-11-25,75100,75100,73600,73700,72052.70313,12559258,72932.58073,72326.43906
2021-11-26,73500,74100,72000,72300,70683.99219,13002242,71954.93229,72541.52188
2021-11-29,71700,73000,71400,72300,70683.99219,16682559,71140.22917,72033.14531
2021-11-30,73200,73900,70500,71300,69706.33594,30364841,70358.10677,71251.025
2021-12-01,72000,74800,71600,74400,72737.04688,21954856,71042.45833,71172.81406
2021-12-02,73900,75800,73800,75800,74105.75781,23652940,72183.04688,71583.425
2021-12-03,75600,76000,74100,75600,73910.22656,18330240,73584.34375,72228.67188
2021-12-06,75100,76700,74900,76300,74594.57813,16391250,74203.52083,73010.78906
2021-12-07,76100,77700,75600,77400,75669.99219,19232453,74724.93229,74203.52031
2021-12-08,78300,78600,77100,77400,75669.99219,21558340,75311.52083,74790.10938
2021-12-09,77400,78200,77000,78200,76452.11719,21604528,75930.70052,75259.38125
2021-12-10,77400,77600,76800,76900,75181.16406,9155219,75767.75781,75513.56875
2021-12-13,77200,78300,76500,76800,75083.40625,15038750,75572.22917,75611.33438
2021-12-14,76500,77200,76200,77000,75278.92969,10976660,75181.16667,75533.12188
2021-12-15,76400,77600,76300,77600,75865.52344,9584939,75409.28646,75572.22813
2021-12-16,78500,78500,77400,77800,76061.05469,11996128,75735.16927,75494.01563
2021-12-17,76800,78000,76800,78000,76256.59375,13108479,76061.05729,75709.10156
2021-12-20,77600,77800,76800,77100,75376.70313,11264375,75898.11719,75767.76094
2021-12-21,77900,78300,77500,78100,76354.34375,14245298,75995.88021,75982.84375
2021-12-22,78900,79400,78800,79400,77625.28906,17105892,76452.11198,76334.79688
2021-12-23,79800,80000,79300,79900,78114.11719,13577498,77364.58333,76745.40938
2021-12-24,80200,80800,80200,80500,78700.70313,12086380,78146.70313,77234.23125
2021-12-27,80600,80600,79800,80200,78407.40625,10783368,78407.40885,77840.37188
2021-12-28,80200,80400,79700,80300,78505.17188,18226325,78537.76042,78270.5375
2021-12-29,80200,80200,78500,78800,77386.60156,19794795,78099.72656,78222.8
2021-12-30,78900,79500,78100,78300,76895.57031,14236700,77595.78125,77979.09063
2022-01-04,78800,79200,78300,78700,77288.39844,12427416,77190.1901,77696.62969
2022-01-05,78800,79000,76400,77400,76011.71094,25470640,76731.89323,77217.49063
2022-01-06,76700,77600,76600,76900,75520.67969,12931954,76273.59635,76620.59219
2022-01-07,78100,78400,77400,78300,76895.57031,15163757,76142.65365,76522.38594
2022-01-10,78100,78100,77100,78000,76600.96094,9947422,76339.07031,76463.46406
2022-01-11,78400,79000,78000,78900,77484.80469,13221123,76993.77865,76502.74531
2022-01-12,79500,79600,78600,78900,77484.80469,11000502,77190.1901,76797.36406
2022-01-13,79300,79300,77900,77900,76502.74219,13889401,77157.45052,76993.77656
2022-01-14,77700,78100,77100,77300,75913.50781,10096725,76633.6849,76797.36406
2022-01-17,77600,77800,76900,77500,76109.92188,8785122,76175.39063,76699.15625
2022-01-18,77600,77800,76600,77000,75618.88281,9592788,75880.77083,76325.97188
2022-01-19,76500,76900,76100,76300,74931.44531,10598290,75553.41667,75815.3
2022-01-20,76200,76700,75900,76500,75127.85156,9708168,75226.0599,75540.32188
2022-01-21,75800,75800,74700,75600,74244,15774888,74767.76563,75206.42031
2022-01-24,75400,75800,74700,75100,73752.96875,13691134,74374.9401,74735.02969
2022-01-25,74800,75000,73200,74000,72672.69531,17766704,73556.55469,74145.79219
2022-01-26,74000,74000,74000,74000,72672.69531,0,73032.78646,73694.04219
2022-01-27,73800,74000,71300,71300,70021.125,22274777,71788.83854,72672.69688
2022-01-28,71300,73700,71200,73300,71985.25781,21367447,71559.69271,72220.94844
2022-02-03,74900,74900,73300,73300,71985.25781,17744721,71330.54688,71867.40625
2022-02-04,74300,74600,73400,74000,72672.69531,12730034,72214.40365,71867.40625
2022-02-07,73500,73600,72400,73000,71690.63281,14240838,72116.19531,71670.99375
2022-02-08,73000,73000,73000,73000,71690.63281,0,72017.98698,72004.89531
2022-02-09,73000,73000,73000,73000,71690.63281,0,71690.63281,71945.97031
2022-02-10,75600,75800,74700,75400,74047.58594,17746033,72476.28385,72358.43594
2022-02-11,75000,75500,74600,74900,73556.55469,12205407,73098.25781,72535.20781
2022-02-14,74400,74500,73100,73700,72378.08594,13993255,73327.40885,72672.69844
2022-02-15,74100,74200,73100,73700,72378.08594,9320365,72770.90885,72810.18906
2022-02-16,74600,74900,74200,74800,73458.34375,10767386,72738.17188,73163.73125
2022-02-17,75000,75600,74500,75000,73654.76563,13605382,73163.73177,73085.16719
2022-02-18,74600,74800,73700,74300,72967.3125,10122226,73360.14063,72967.31875
2022-02-21,74300,74300,74300,74300,72967.3125,0,73196.46354,73085.16406
2022-02-22,74300,74300,74300,74300,72967.3125,0,72967.3125,73203.00937
2022-02-23,74300,74300,74300,74300,72967.3125,0,72967.3125,73104.80313
2022-02-24,72300,72300,71300,71500,70217.53906,15759283,72050.72135,72417.35781
2022-02-25,72100,72600,71900,71900,70610.36719,13168484,71265.07292,71945.96875
2022-02-28,71900,71900,71900,71900,70610.36719,0,70479.42448,71474.57969
2022-03-02,72300,72400,71500,71700,70413.94531,12481430,70544.89323,70963.90625
2022-03-03,72300,73100,72200,72900,71592.42969,13232638,70872.2474,70688.92969
2022-03-04,72900,72900,72900,72900,71592.42969,0,71199.60156,70963.90781
2022-03-07,70000,70600,69900,70100,68842.64844,18617138,70675.83594,70610.36406
2022-03-08,68800,70000,68700,69500,68253.41406,15828269,69562.83073,70138.97344
2022-03-10,69500,69500,69500,69500,68253.41406,0,68449.82552,69706.86719
2022-03-11,70500,70700,69700,70000,68744.44531,15787655,68417.09115,69137.27031
2022-03-14,70000,70200,69600,70200,68940.85938,9040993,68646.23958,68606.95625
2022-03-15,70200,70200,70200,70200,68940.85938,0,68875.38802,68626.59844
2022-03-16,70200,70500,69700,70400,69137.27344,10175750,69006.33073,68803.37031
2022-03-17,70400,70400,70400,70400,69137.27344,0,69071.80208,68980.14219
2022-03-18,70600,70900,70200,70700,69431.89063,14410038,69235.47917,69117.63125
2022-03-21,70900,71000,69900,69900,68646.24219,11169002,69071.80208,69058.70781
2022-03-22,69900,70500,69900,70300,69039.0625,9402666,69039.0651,69078.34844
2022-03-23,70600,71200,70300,70500,69235.47656,12398025,68973.59375,69097.98906
2022-03-24,69600,70300,69600,69800,68548.03125,37943357,68940.85677,68980.14063
2022-03-25,70100,70200,69600,69800,68548.03125,12986010,68777.17969,68803.36875
2022-03-28,69500,69900,69200,69700,68449.82031,12619289,68515.29427,68764.08438
2022-03-29,70000,70300,69800,70200,68940.85938,13686208,68646.23698,68744.44375
2022-03-30,70300,70500,69800,69900,69001.07813,12670187,68797.2526,68697.56406
2022-03-31,69900,70200,69600,69600,68704.92969,12510366,68882.28906,68728.94375
2022-04-01,69500,69500,69000,69100,68211.35938,15916846,68639.1224,68661.60938
2022-04-04,68900,69300,68600,69300,68408.78906,11107905,68441.69271,68653.40313
2022-04-05,69400,69600,69100,69200,68310.07031,8467248,68310.07292,68527.24531
2022-04-06,68600,68800,68500,68500,67619.07813,15517308,68112.64583,68250.84531
2022-04-07,68500,68500,68000,68000,67125.50781,20683327,67684.88542,67934.96094
2022-04-08,68100,68300,67700,67800,66928.07813,15453191,67224.22135,67678.30469
2022-04-11,67800,68100,67400,67900,67026.79688,12263735,67026.79427,67401.90625
2022-04-12,67600,67700,67000,67000,66138.36719,13924389,66697.7474,66967.56563
2022-04-13,67300,69000,67200,68700,67816.5,17378619,66993.88802,67007.05
2022-04-14,68700,68700,67500,67500,66631.9375,16409494,66862.26823,66908.33594
2022-04-15,67200,67300,66500,66600,65743.51563,13176415,66730.65104,66671.42344
2022-04-18,66500,67100,66100,66700,65842.22656,10119203,66072.5599,66434.50938
2022-04-19,67100,68000,67000,67300,66434.50781,12959434,66006.75,66493.7375
2022-04-20,67000,67400,66500,67400,66533.21875,16693293,66269.98438,66237.08125
2022-04-21,67600,68300,67500,67700,66829.36719,12847448,66599.03125,66276.56719
2022-04-22,67200,67300,66700,67000,66138.36719,11791478,66500.31771,66355.5375
2022-04-25,66500,66700,66300,66300,65447.36719,11016474,66138.36719,66276.56563
2022-04-26,66400,66700,66100,66100,65249.94141,12946923,65611.89193,66039.65234
2022-04-27,65400,65500,64900,65000,64164.08984,18122084,64953.79948,65565.82656
2022-04-28,65400,65500,64500,64800,63966.66016,16895527,64460.23047,64993.28516
2022-04-29,65100,67600,65000,67400,66533.21875,26190390,64887.98958,65072.25547
2022-05-02,66600,67600,66500,67300,66434.50781,14106184,65644.79557,65269.68359
2022-05-03,67400,68400,67300,67500,66631.9375,14168875,66533.22135,65546.08281
2022-05-04,68000,68400,67500,67900,67026.79688,11505248,66697.7474,66118.62422
2022-05-06,67000,67100,66500,66500,65644.79688,14356156,66434.51042,66454.25156
2022-05-10,65900,66300,65300,65700,64855.08594,17235605,65842.22656,66118.625
2022-05-11,65500,66300,65200,65700,64855.08594,12330920,65118.32292,65802.74063
2022-05-12,65200,65500,64900,64900,64065.375,16414188,64591.84896,65289.42813
2022-05-13,65300,66700,65200,66500,65644.79688,14551536,64855.08594,65013.02813
2022-05-16,67100,67400,66100,66300,65447.36719,11937555,65052.51302,64973.54219
2022-05-17,66600,67900,66600,67600,66730.64844,15680447,65940.9375,65348.65469
2022-05-18,68300,68700,67600,68100,67224.21875,16486319,66467.41146,65822.48125
2022-05-19,66500,67600,66500,67500,66631.9375,17073727,66862.26823,66335.79375
2022-05-20,67800,68400,67700,68000,67125.50781,12109671,66993.88802,66631.93594
2022-05-23,68800,68800,67600,67900,67026.79688,13684088,66928.08073,66947.82188
2022-05-24,67500,67700,66500,66500,65644.79688,15482576,66599.03385,66730.65156
2022-05-25,66700,67100,65900,66400,65546.07813,15150490,66072.55729,66395.02344
2022-05-26,66300,67200,65500,65900,65052.51563,15970890,65414.46354,66079.13906
2022-05-27,66700,66900,66200,66500,65644.79688,11405555,65414.46354,65782.99687
2022-05-30,67500,67800,66900,67700,66829.36719,14255484,65842.22656,65743.51094
2022-05-31,67500,67500,66700,67400,66533.21875,24365002,66335.79427,65921.19531
2022-06-02,66600,67000,66400,66700,65842.22656,14959443,66401.60417,65980.425
2022-06-03,67200,67300,66800,66800,65940.9375,8222883,66105.46094,66158.10938
2022-06-07,66200,66400,65400,65500,64657.65625,19355755,65480.27344,65960.68125
2022-06-08,65400,65700,65300,65300,64460.23047,12483180,65019.60807,65486.85391
2022-06-09,65100,65200,64500,65200,64361.51563,25790725,64493.13411,65052.51328
2022-06-10,64000,64400,63800,63800,62979.51953,22193552,63933.75521,64479.97188
2022-06-13,62400,62800,62100,62100,61301.38281,22157816,62880.80599,63552.06094
2022-06-14,61200,62200,61100,61900,61103.95313,24606419,61794.95182,62841.32031
2022-06-15,61300,61500,60200,60700,59919.38672,26811224,60774.90755,61933.15156
2022-06-16,61300,61800,60500,60900,60116.81641,23394895,60380.05208,61084.21172
2022-06-17,59400,59900,59400,59800,59030.96094,29053450,59689.05469,60294.5
2022-06-20,59800,59900,58100,58700,57945.10938,34111306,59030.96224,59623.24531
2022-06-21,58700,59200,58200,58500,57747.67969,25148109,58241.25,58951.99063
2022-06-22,59000,59100,57600,57600,56859.25391,23334687,57517.34766,58339.96406
2022-06-23,57700,58000,56800,57400,56661.82422,28338608,57089.58594,57648.96563
2022-06-24,57900,59100,57700,58400,57648.96484,23256103,57056.68099,57372.56641
2022-06-27,59000,59900,58300,58800,58043.82031,18122236,57451.53646,57392.30859
2022-06-28,59200,59500,58700,59400,58636.10547,13540538,58109.63021,57569.99375
2022-06-29,58500,58800,58000,58000,57604.19531,14677138,58094.70703,57718.98203
2022-06-30,57200,57600,57000,57000,56611.01953,18915142,57617.10677,57708.82109
2022-07-01,56900,57500,55900,56200,55816.48047,24982097,56677.23177,57342.32422
2022-07-04,56100,57400,55700,57100,56710.33984,17807126,56379.27995,57075.62813
2022-07-05,57600,58200,57200,57200,56809.65625,14216539,56445.49219,56710.33828
2022-07-06,57300,57300,56400,56400,56015.11719,16820461,56511.70443,56392.52266
2022-07-07,56400,58700,56300,58200,57802.83203,21322833,56875.86849,56630.88516
2022-07-08,58600,59300,58200,58700,58299.41797,15339271,57372.45573,57127.47266
2022-07-11,59300,59600,58700,58800,58398.73828,13042624,58166.99609,57465.15234
2022-07-12,58600,58700,58100,58100,57703.51563,9336061,58133.89063,57643.92422
2022-07-13,58300,58600,58000,58000,57604.19531,10841315,57902.14974,57961.73984
2022-07-14,57500,58200,57400,57500,57107.60938,15067012,57471.77344,57822.69531
2022-07-15,58400,60000,58100,60000,59590.54688,18685583,58100.78385,58080.92109
2022-07-18,60600,62000,60500,61900,61477.58203,20832517,59391.91276,58696.68984
2022-07-19,61400,61500,60200,60900,60484.40625,15248261,60517.51172,59252.86797
2022-07-20,61800,62100,60500,60500,60087.13672,16782238,60683.04167,59749.45625
2022-07-21,61100,61900,60700,61800,61378.26563,12291374,60649.9362,60603.5875
2022-07-22,61800,62200,61200,61300,60881.67578,10261310,60782.35938,60861.81328
2022-07-25,60900,61900,60800,61100,60683.04297,9193681,60980.99479,60702.90547
2022-07-26,60800,61900,60800,61700,61278.94531,6597211,60947.88802,60861.81328
2022-07-27,61300,61900,61200,61800,61378.26563,7320997,61113.41797,61120.03906
2022-07-28,62300,62600,61600,61900,61477.58203,10745302,61378.26432,61139.90234
2022-07-29,62400,62600,61300,61400,60980.99609,15093120,61278.94792,61159.76641
2022-08-01,61000,61700,60300,61300,60881.67578,13154816,61113.41797,61199.49297
2022-08-02,61200,61900,61000,61700,61278.94531,13614895,61047.20573,61199.49297
2022-08-03,61600,61600,61000,61300,60881.67578,10053861,61014.09896,61100.175
2022-08-04,61700,61800,61200,61500,61080.3125,9125439,61080.3112,61020.72109
2022-08-05,61700,61900,61200,61500,61080.3125,9567620,61014.10026,61040.58437
2022-08-08,61400,61400,60600,60800,60385.08984,11313150,60848.57161,60941.26719
2022-08-09,60600,60700,59600,60000,59590.54688,18251170,60351.98307,60603.5875
2022-08-10,58900,59200,58600,59100,58696.69141,18084349,59557.44271,60166.59062
2022-08-11,59600,60000,59300,59900,59491.23047,15141941,59259.48958,59848.77422
2022-08-12,59500,60700,59400,60200,59789.18359,10786658,59325.70182,59590.54844
2022-08-16,60500,61600,60300,61000,60583.72266,15036727,59954.71224,59630.275
2022-08-17,61100,61200,60300,60400,59987.82031,9061518,60120.24219,59709.72969
2022-08-18,60300,61900,60000,61500,61080.3125,16372754,60550.61849,60186.45391
2022-08-19,61400,61600,60600,60900,60484.40625,6923679,60517.51302,60385.08906
2022-08-22,60300,60400,59800,60000,59590.54688,8259865,60385.08854,60345.36172
2022-08-23,59000,59600,59000,59100,58696.69141,9041629,59590.54818,59967.95547
2022-08-24,59200,59500,59000,59000,58597.37109,8888486,58961.53646,59689.86562
2022-08-25,59200,59700,59000,59700,59292.59375,5767902,58862.21875,59332.32188
2022-08-26,60300,60900,59900,60000,59590.54688,9499995,59160.17057,59153.55
2022-08-29,58700,58900,58600,58600,58200.10156,9841329,59027.7474,58875.46094
2022-08-30,58700,59000,58300,58800,58398.73828,9690044,58729.79557,58815.87031
2022-08-31,58200,59900,58200,59700,59292.59375,14203512,58630.47786,58954.91484
2022-09-01,58700,58900,58300,58400,58001.46875,14905777,58564.26693,58696.68984
2022-09-02,58300,58600,57500,57500,57107.60938,15040310,58133.89063,58200.10234
2022-09-05,57400,57800,56800,57100,56710.33984,11425977,57273.13932,57902.15
2022-09-06,57200,57600,56900,57100,56710.33984,7503086,56842.76302,57564.47031
2022-09-07,56700,56700,55900,56000,55617.84375,17384854,56346.17448,56829.52031
2022-09-08,56200,56400,55600,55600,55220.57422,18000016,55849.58594,56273.34141
2022-09-13,57000,58500,56800,58100,57703.51563,17166581,56180.64453,56392.52266
2022-09-14,56200,57200,56100,56800,56412.38672,12524961,56445.49219,56332.93203
2022-09-15,57000,57100,56000,56000,55617.84375,11664819,56577.91536,56114.43281
2022-09-16,55600,56400,55500,56200,55816.48047,13456503,55948.90365,56154.16016
2022-09-19,56300,57000,56000,56400,56015.11719,12278653,55816.48047,56313.06875
2022-09-20,56400,57000,55800,55800,55419.21094,14041465,55750.26953,55856.20781
2022-09-21,55400,55500,55000,55300,54922.62109,11863700,55452.31641,55558.25469
2022-09-22,54600,54700,54300,54400,54028.76563,12786510,54790.19922,55240.43906
2022-09-23,54400,54900,54200,54500,54128.08203,10555964,54359.82292,54902.75938
2022-09-26,53700,54200,53600,53900,53532.17578,15008449,53896.34115,54406.17109
2022-09-27,53800,54200,53500,54200,53830.12891,16631289,53830.12891,54088.35469
2022-09-28,53900,54400,52500,52900,52539,19991129,53300.4349,53611.63047
2022-09-29,53300,53700,52600,52600,52600,13882080,52989.70964,53325.87734
2022-09-30,52300,53600,51800,53100,53100,22503249,52746.33333,53120.26094
2022-10-04,55300,55400,54500,55200,55200,19148435,53633.33333,53453.82578
2022-10-05,56900,57200,55400,56000,56000,22458970,54766.66667,53887.8
2022-10-06,56700,57300,56300,56300,56300,14944446,55833.33333,54640
2022-10-07,55900,56900,55200,56200,56200,16886813,56166.66667,55360
2022-10-11,54400,55700,54000,55400,55400,21437877,55966.66667,55820
2022-10-12,55700,57000,55200,55800,55800,18408910,55800,55940
2022-10-13,55400,56100,55200,55200,55200,13784602,55466.66667,55780
2022-10-14,56200,56500,55800,56300,56300,12924326,55766.66667,55780
2022-10-17,55800,57000,55700,56600,56600,13641878,56033.33333,55860
2022-10-18,56700,57100,55800,56500,56500,14820702,56466.66667,56080
2022-10-19,56700,56900,55700,55800,55800,12660652,56300,56080
2022-10-20,55200,56000,55100,55500,55500,17107653,55933.33333,56140
2022-10-21,55100,56300,55100,55900,55900,11456060,55733.33333,56060
2022-10-24,57000,57500,56700,57500,57500,16944503,56300,56240
2022-10-25,57000,58600,57000,57700,57700,17405678,57033.33333,56480
2022-10-26,58000,59600,57700,59400,59400,20824967,58200,57200
2022-10-27,59700,60100,58900,59500,59500,21756712,58866.66667,58000
2022-10-28,58900,59200,57200,57300,57300,20924937,58733.33333,58280
2022-10-31,58100,59900,58000,59400,59400,18999514,58733.33333,58660
2022-11-01,59900,60300,59500,60000,60000,17201647,58900,59120
2022-11-02,59700,60000,59300,59600,59600,13202919,59666.66667,59160
2022-11-03,58600,59800,58100,59200,59200,17492162,59600,59100
2022-11-04,59100,59500,58400,59400,59400,12445841,59400,59520
2022-11-07,59700,60300,59400,60200,60200,12437246,59600,59680
2022-11-08,60500,61900,60500,61800,61800,18273898,60466.66667,60040
2022-11-09,62000,62200,61300,62000,62000,14045592,61333.33333,60520
2022-11-10,61400,61500,60700,60800,60800,10027661,61533.33333,60840
